student_id,first_name,last_name,class,roll_no,attendance_percent,fees_due_days,attempts_in_subject_X,last_test_1,last_test_2,last_test_3,last_3_tests_avg,previous_3_tests_avg
SEIT0001,Aarav,Patel,SE-IT,1,85,5,1,92,88,95,91.67,89.5
SEIT0002,Aditi,Sharma,SE-IT,2,78,12,1,75,82,79,78.67,81.2
SEIT0003,Rahul,Singh,SE-IT,3,62,45,2,65,58,68,63.67,61.8
SEIT0004,Priya,Gupta,SE-IT,4,45,70,4,55,60,52,55.67,58.3
SEIT0005,Rohan,Kumar,SE-IT,5,91,3,1,98,95,99,97.33,96.1
SEIT0006,Ananya,Sharma,SE-IT,6,80,15,1,88,85,90,87.67,85.4
SEIT0007,Dhruv,Mehta,SE-IT,7,55,30,3,52,48,55,51.67,53.9
SEIT0008,Sanya,Verma,SE-IT,8,35,80,5,45,38,42,41.67,45.2
SEIT0009,Arjun,Joshi,SE-IT,9,72,8,1,82,78,85,81.67,83.5
SEIT0010,Kavya,Reddy,SE-IT,10,68,25,2,68,72,69,69.67,67.4
SEIT0011,Siddharth,Chopra,SE-IT,11,48,65,4,48,50,45,47.67,49.1
SEIT0012,Diya,Sinha,SE-IT,12,88,10,1,90,92,89,90.33,88.7
SEIT0013,Krish,Aggarwal,SE-IT,13,60,50,3,60,55,62,59.0,56.8
SEIT0014,Manya,Saxena,SE-IT,14,38,95,5,35,40,38,37.67,41.3
SEIT0015,Vivaan,Das,SE-IT,15,75,18,1,85,80,88,84.33,82.1
SEIT0016,Tanvi,Malhotra,SE-IT,16,52,35,2,58,65,60,61.0,63.4
SEIT0017,Akshat,Sharma,SE-IT,17,90,2,1,95,91,98,94.67,92.5
SEIT0018,Neha,Dubey,SE-IT,18,42,75,4,40,45,42,42.33,46.7
SEIT0019,Aryan,Yadav,SE-IT,19,65,28,2,70,68,72,70.0,68.9
SEIT0020,Ishika,Thakur,SE-IT,20,83,7,1,89,93,87,89.67,87.8
SEIT0021,Abhinav,Rao,SE-IT,21,58,40,3,55,60,58,57.67,55.5
SEIT0022,Siya,Chauhan,SE-IT,22,32,110,5,30,35,32,32.33,35.8
SEIT0023,Gaurav,Nair,SE-IT,23,78,14,1,80,85,82,82.33,84.6
SEIT0024,Riya,Patil,SE-IT,24,61,22,2,62,65,68,65.0,63.1
SEIT0025,Kabir,Verma,SE-IT,25,47,68,4,50,48,52,50.0,52.3
SEIT0026,Anushka,Singhania,SE-IT,26,89,9,1,92,90,95,92.33,90.4
SEIT0027,Sameer,Jain,SE-IT,27,55,55,3,58,52,55,55.0,57.2
SEIT0028,Meera,Kulkarni,SE-IT,28,30,100,5,32,30,35,32.33,30.1
SEIT0029,Nikhil,Sharma,SE-IT,29,76,17,1,78,82,80,80.0,79.5
SEIT0030,Sakshi,Gupta,SE-IT,30,64,30,2,66,69,65,66.67,64.8
SEIT0031,Yash,Patel,SE-IT,31,43,85,4,45,42,48,45.0,47.9
SEIT0032,Pooja,Singh,SE-IT,32,82,6,1,87,85,89,87.0,85.3
SEIT0033,Raj,Kumar,SE-IT,33,59,45,3,61,59,62,60.67,58.5
SEIT0034,Isha,Mehra,SE-IT,34,36,90,5,38,32,40,36.67,39.2
SEIT0035,Siddharth,Verma,SE-IT,35,74,11,1,80,78,82,80.0,77.6
SEIT0036,Aisha,Khan,SE-IT,36,63,20,2,65,60,68,64.33,62.1
SEIT0037,Rishi,Aggarwal,SE-IT,37,49,62,4,52,50,55,52.33,50.7
SEIT0038,Shruti,Naidu,SE-IT,38,86,13,1,91,94,90,91.67,89.8
SEIT0039,Aditya,Chopra,SE-IT,39,57,48,3,55,58,60,57.67,56.1
SEIT0040,Kriti,Saxena,SE-IT,40,31,105,5,30,33,35,32.67,34.5
SEIT0041,Vishal,Das,SE-IT,41,77,16,1,83,80,85,82.67,80.9
SEIT0042,Anjali,Goyal,SE-IT,42,60,25,2,65,62,68,65.0,63.2
SEIT0043,Arnav,Malhotra,SE-IT,43,45,70,4,48,45,50,47.67,49.1
SEIT0044,Trisha,Joshi,SE-IT,44,84,8,1,88,90,87,88.33,86.5
SEIT0045,Varun,Reddy,SE-IT,45,53,30,3,55,52,58,55.0,57.3
SEIT0046,Nandini,Kumar,SE-IT,46,37,95,5,35,38,40,37.67,39.4
SEIT0047,Rajat,Sharma,SE-IT,47,79,12,1,85,82,88,85.0,83.1
SEIT0048,Khushi,Gupta,SE-IT,48,68,22,2,70,72,68,70.0,68.5
SEIT0049,Gautam,Patel,SE-IT,49,41,78,4,40,42,45,42.33,44.8
SEIT0050,Shreya,Singh,SE-IT,50,90,5,1,95,92,97,94.67,92.7
SEIT0051,Ankit,Sinha,SE-IT,51,56,40,3,60,55,58,57.67,55.9
SEIT0052,Divya,Verma,SE-IT,52,33,105,5,30,35,32,32.33,34.1
SEIT0053,Kunal,Jain,SE-IT,53,75,15,1,80,85,82,82.33,80.6
SEIT0054,Priyanka,Dubey,SE-IT,54,62,28,2,65,68,64,65.67,63.4
SEIT0055,Dev,Yadav,SE-IT,55,46,65,4,50,48,52,50.0,51.8
SEIT0056,Sneha,Thakur,SE-IT,56,87,10,1,90,92,89,90.33,88.5
SEIT0057,Abhishek,Rao,SE-IT,57,59,50,3,61,58,60,59.67,57.9
SEIT0058,Richa,Chauhan,SE-IT,58,35,90,5,38,40,35,37.67,39.1
SEIT0059,Kartik,Nair,SE-IT,59,78,12,1,85,80,88,84.33,82.5
SEIT0060,Mehak,Patil,SE-IT,60,60,35,2,65,62,68,65.0,63.2
SEIT0061,Aakash,Verma,SE-IT,61,42,70,4,45,48,42,45.0,47.3
SEIT0062,Shalini,Singhania,SE-IT,62,85,7,1,90,95,92,92.33,90.4
SEIT0063,Harsh,Jain,SE-IT,63,55,45,3,58,55,60,57.67,56.1
SEIT0064,Simran,Kulkarni,SE-IT,64,30,115,5,32,30,35,32.33,30.1
SEIT0065,Rohan,Sharma,SE-IT,65,76,18,1,80,82,78,80.0,78.2
SEIT0066,Ankita,Gupta,SE-IT,66,64,25,2,68,65,70,67.67,65.9
SEIT0067,Jayant,Patel,SE-IT,67,49,60,4,52,55,50,52.33,54.1
SEIT0068,Sneha,Singh,SE-IT,68,88,10,1,92,90,95,92.33,90.5
SEIT0069,Aravind,Sinha,SE-IT,69,57,40,3,60,58,62,60.0,58.3
SEIT0070,Priya,Verma,SE-IT,70,36,95,5,35,38,32,35.0,37.6
SEIT0071,Sanjay,Jain,SE-IT,71,74,14,1,82,85,80,82.33,80.1
SEIT0072,Nisha,Dubey,SE-IT,72,61,30,2,65,68,62,65.0,63.7
SEIT0073,Karan,Yadav,SE-IT,73,43,75,4,48,45,50,47.67,49.2
SEIT0074,Mahi,Thakur,SE-IT,74,83,9,1,88,90,85,87.67,86.1
SEIT0075,Arun,Rao,SE-IT,75,54,50,3,55,52,58,55.0,57.5
SEIT0076,Rina,Chauhan,SE-IT,76,32,100,5,30,35,32,32.33,34.2
SEIT0077,Rahul,Nair,SE-IT,77,77,16,1,85,82,88,85.0,83.4
SEIT0078,Pooja,Patil,SE-IT,78,60,25,2,62,65,68,65.0,63.8
SEIT0079,Mohit,Verma,SE-IT,79,47,65,4,50,48,52,50.0,51.9
SEIT0080,Ananya,Singhania,SE-IT,80,86,11,1,90,92,89,90.33,88.7
SEIT0081,Vikram,Jain,SE-IT,81,59,45,3,60,58,62,60.0,58.3
SEIT0082,Sonal,Kulkarni,SE-IT,82,38,95,5,35,38,40,37.67,39.4
SEIT0083,Ayush,Sharma,SE-IT,83,75,13,1,82,80,85,82.33,80.1
SEIT0084,Tanuja,Gupta,SE-IT,84,62,20,2,65,60,68,64.33,62.5
SEIT0085,Rajat,Patel,SE-IT,85,45,70,4,48,45,50,47.67,49.2
SEIT0086,Swati,Singh,SE-IT,86,84,15,1,90,88,92,90.0,88.2
SEIT0087,Vivek,Sinha,SE-IT,87,55,40,3,58,55,60,57.67,55.9
SEIT0088,Preeti,Verma,SE-IT,88,31,105,5,30,33,35,32.67,34.5
SEIT0089,Dhruv,Jain,SE-IT,89,78,10,1,85,82,88,85.0,83.1
SEIT0090,Deepika,Dubey,SE-IT,90,61,25,2,65,68,64,65.67,63.4
SEIT0091,Abhinav,Yadav,SE-IT,91,46,65,4,50,48,52,50.0,51.8
SEIT0092,Kavita,Thakur,SE-IT,92,87,8,1,90,92,89,90.33,88.5
SEIT0093,Rakesh,Rao,SE-IT,93,59,50,3,61,58,60,59.67,57.9
SEIT0094,Nidhi,Chauhan,SE-IT,94,35,90,5,38,40,35,37.67,39.1
SEIT0095,Sahil,Nair,SE-IT,95,76,12,1,85,80,88,84.33,82.5
SEIT0096,Manish,Patil,SE-IT,96,60,35,2,65,62,68,65.0,63.2
SEIT0097,Aarti,Verma,SE-IT,97,42,70,4,45,48,42,45.0,47.3
SEIT0098,Saurabh,Singhania,SE-IT,98,85,7,1,90,95,92,92.33,90.4
SEIT0099,Puja,Kulkarni,SE-IT,99,55,45,3,58,55,60,57.67,56.1
SEIT0100,Chirag,Sharma,SE-IT,100,30,115,5,32,30,35,32.33,30.1
SEIT0101,Rajesh,Gupta,SE-IT,101,76,18,1,80,82,78,80.0,78.2
SEIT0102,Deepa,Patel,SE-IT,102,64,25,2,68,65,70,67.67,65.9
SEIT0103,Naman,Singh,SE-IT,103,49,60,4,52,55,50,52.33,54.1
SEIT0104,Ritu,Sinha,SE-IT,104,88,10,1,92,90,95,92.33,90.5
SEIT0105,Akshay,Verma,SE-IT,105,57,40,3,60,58,62,60.0,58.3
SEIT0106,Tanya,Jain,SE-IT,106,36,95,5,35,38,32,35.0,37.6
SEIT0107,Arpit,Dubey,SE-IT,107,74,14,1,82,85,80,82.33,80.1
SEIT0108,Shivani,Yadav,SE-IT,108,61,30,2,65,68,62,65.0,63.7
SEIT0109,Gaurav,Rao,SE-IT,109,43,75,4,48,45,50,47.67,49.2
SEIT0110,Anjali,Chauhan,SE-IT,110,83,9,1,88,90,85,87.67,86.1
SEIT0111,Vishal,Nair,SE-IT,111,54,50,3,55,52,58,55.0,57.5
SEIT0112,Priya,Patil,SE-IT,112,32,100,5,30,35,32,32.33,34.2
SEIT0113,Aman,Verma,SE-IT,113,77,16,1,85,82,88,85.0,83.4
SEIT0114,Komal,Singhania,SE-IT,114,60,25,2,62,65,68,65.0,63.8
SEIT0115,Ashish,Kulkarni,SE-IT,115,47,65,4,50,48,52,50.0,51.9
SEIT0116,Riya,Sharma,SE-IT,116,86,11,1,90,92,89,90.33,88.7
SEIT0117,Udit,Gupta,SE-IT,117,59,45,3,60,58,62,60.0,58.3
SEIT0118,Shreya,Patel,SE-IT,118,38,95,5,35,38,40,37.67,39.4
SEIT0119,Kunal,Singh,SE-IT,119,75,13,1,82,80,85,82.33,80.1
SEIT0120,Rashi,Sinha,SE-IT,120,62,20,2,65,60,68,64.33,62.5
SEIT0121,Rohan,Verma,SE-IT,121,45,70,4,48,45,50,47.67,49.2
SEIT0122,Shilpa,Jain,SE-IT,122,84,15,1,90,88,92,90.0,88.2
SEIT0123,Ajay,Dubey,SE-IT,123,55,40,3,58,55,60,57.67,55.9
SEIT0124,Divya,Yadav,SE-IT,124,31,105,5,30,33,35,32.67,34.5
SEIT0125,Rajesh,Rao,SE-IT,125,78,10,1,85,82,88,85.0,83.1
SEIT0126,Pooja,Chauhan,SE-IT,126,61,25,2,65,68,64,65.67,63.4
SEIT0127,Sumit,Nair,SE-IT,127,46,65,4,50,48,52,50.0,51.8
SEIT0128,Ankita,Patil,SE-IT,128,87,8,1,90,92,89,90.33,88.5
SEIT0129,Amit,Verma,SE-IT,129,59,50,3,61,58,60,59.67,57.9
SEIT0130,Simran,Singhania,SE-IT,130,35,90,5,38,40,35,37.67,39.1
SEIT0131,Vinay,Kulkarni,SE-IT,131,76,12,1,85,80,88,84.33,82.5
SEIT0132,Meena,Sharma,SE-IT,132,60,35,2,65,62,68,65.0,63.2
SEIT0133,Rohan,Gupta,SE-IT,133,42,70,4,45,48,42,45.0,47.3
SEIT0134,Nidhi,Patel,SE-IT,134,85,7,1,90,95,92,92.33,90.4
SEIT0135,Arjun,Singh,SE-IT,135,55,45,3,58,55,60,57.67,56.1
SEIT0136,Tanya,Sinha,SE-IT,136,30,115,5,32,30,35,32.33,30.1
SEIT0137,Pankaj,Verma,SE-IT,137,76,18,1,80,82,78,80.0,78.2
SEIT0138,Shweta,Jain,SE-IT,138,64,25,2,68,65,70,67.67,65.9
SEIT0139,Aditya,Dubey,SE-IT,139,49,60,4,52,55,50,52.33,54.1
SEIT0140,Ritu,Yadav,SE-IT,140,88,10,1,92,90,95,92.33,90.5
SEIT0141,Mohit,Rao,SE-IT,141,57,40,3,60,58,62,60.0,58.3
SEIT0142,Pooja,Chauhan,SE-IT,142,36,95,5,35,38,32,35.0,37.6
SEIT0143,Sanjay,Nair,SE-IT,143,74,14,1,82,85,80,82.33,80.1
SEIT0144,Nisha,Patil,SE-IT,144,61,30,2,65,68,62,65.0,63.7
SEIT0145,Karan,Verma,SE-IT,145,43,75,4,48,45,50,47.67,49.2
SEIT0146,Mahi,Singhania,SE-IT,146,83,9,1,88,90,85,87.67,86.1
SEIT0147,Arun,Kulkarni,SE-IT,147,54,50,3,55,52,58,55.0,57.5
SEIT0148,Rina,Sharma,SE-IT,148,32,100,5,30,35,32,32.33,34.2
SEIT0149,Rahul,Gupta,SE-IT,149,77,16,1,85,82,88,85.0,83.4
SEIT0150,Pooja,Patel,SE-IT,150,60,25,2,62,65,68,65.0,63.8
SEIT0151,Mohit,Singh,SE-IT,151,47,65,4,50,48,52,50.0,51.9
SEIT0152,Ananya,Sinha,SE-IT,152,86,11,1,90,92,89,90.33,88.7
SEIT0153,Vikram,Verma,SE-IT,153,59,45,3,60,58,62,60.0,58.3
SEIT0154,Sonal,Jain,SE-IT,154,38,95,5,35,38,40,37.67,39.4
SEIT0155,Ayush,Dubey,SE-IT,155,75,13,1,82,80,85,82.33,80.1
SEIT0156,Tanuja,Yadav,SE-IT,156,62,20,2,65,60,68,64.33,62.5
SEIT0157,Rajat,Rao,SE-IT,157,45,70,4,48,45,50,47.67,49.2
SEIT0158,Swati,Chauhan,SE-IT,158,84,15,1,90,88,92,90.0,88.2
SEIT0159,Vivek,Nair,SE-IT,159,55,40,3,58,55,60,57.67,55.9
SEIT0160,Preeti,Patil,SE-IT,160,31,105,5,30,33,35,32.67,34.5
SEIT0161,Dhruv,Verma,SE-IT,161,78,10,1,85,82,88,85.0,83.1
SEIT0162,Deepika,Singhania,SE-IT,162,61,25,2,65,68,64,65.67,63.4
SEIT0163,Abhinav,Kulkarni,SE-IT,163,46,65,4,50,48,52,50.0,51.8
SEIT0164,Kavita,Sharma,SE-IT,164,87,8,1,90,92,89,90.33,88.5
SEIT0165,Rakesh,Gupta,SE-IT,165,59,50,3,61,58,60,59.67,57.9
SEIT0166,Nidhi,Patel,SE-IT,166,35,90,5,38,40,35,37.67,39.1
SEIT0167,Sahil,Singh,SE-IT,167,76,12,1,85,80,88,84.33,82.5
SEIT0168,Manish,Sinha,SE-IT,168,60,35,2,65,62,68,65.0,63.2
SEIT0169,Aarti,Verma,SE-IT,169,42,70,4,45,48,42,45.0,47.3
SEIT0170,Saurabh,Jain,SE-IT,170,85,7,1,90,95,92,92.33,90.4
SEIT0171,Puja,Dubey,SE-IT,171,55,45,3,58,55,60,57.67,56.1
SEIT0172,Chirag,Yadav,SE-IT,172,30,115,5,32,30,35,32.33,30.1
SEIT0173,Rajesh,Rao,SE-IT,173,76,18,1,80,82,78,80.0,78.2
SEIT0174,Deepa,Chauhan,SE-IT,174,64,25,2,68,65,70,67.67,65.9
SEIT0175,Naman,Nair,SE-IT,175,49,60,4,52,55,50,52.33,54.1
SEIT0176,Ritu,Patil,SE-IT,176,88,10,1,92,90,95,92.33,90.5
SEIT0177,Akshay,Verma,SE-IT,177,57,40,3,60,58,62,60.0,58.3
SEIT0178,Tanya,Singhania,SE-IT,178,36,95,5,35,38,32,35.0,37.6
SEIT0179,Arpit,Kulkarni,SE-IT,179,74,14,1,82,85,80,82.33,80.1
SEIT0180,Shivani,Sharma,SE-IT,180,61,30,2,65,68,62,65.0,63.7
SEIT0181,Gaurav,Gupta,SE-IT,181,43,75,4,48,45,50,47.67,49.2
SEIT0182,Anjali,Patel,SE-IT,182,83,9,1,88,90,85,87.67,86.1
SEIT0183,Vishal,Singh,SE-IT,183,54,50,3,55,52,58,55.0,57.5
SEIT0184,Priya,Sinha,SE-IT,184,32,100,5,30,35,32,32.33,34.2
SEIT0185,Aman,Verma,SE-IT,185,77,16,1,85,82,88,85.0,83.4
SEIT0186,Komal,Jain,SE-IT,186,60,25,2,62,65,68,65.0,63.8
SEIT0187,Ashish,Dubey,SE-IT,187,47,65,4,50,48,52,50.0,51.9
SEIT0188,Riya,Yadav,SE-IT,188,86,11,1,90,92,89,90.33,88.7
SEIT0189,Udit,Rao,SE-IT,189,59,45,3,60,58,62,60.0,58.3
SEIT0190,Shreya,Chauhan,SE-IT,190,38,95,5,35,38,40,37.67,39.4
SEIT0191,Kunal,Nair,SE-IT,191,75,13,1,82,80,85,82.33,80.1
SEIT0192,Rashi,Patil,SE-IT,192,62,20,2,65,60,68,64.33,62.5
SEIT0193,Rohan,Verma,SE-IT,193,45,70,4,48,45,50,47.67,49.2
SEIT0194,Shilpa,Singhania,SE-IT,194,84,15,1,90,88,92,90.0,88.2
SEIT0195,Ajay,Kulkarni,SE-IT,195,55,40,3,58,55,60,57.67,55.9
SEIT0196,Divya,Sharma,SE-IT,196,31,105,5,30,33,35,32.67,34.5
SEIT0197,Rajesh,Gupta,SE-IT,197,78,10,1,85,82,88,85.0,83.1
SEIT0198,Pooja,Patel,SE-IT,198,61,25,2,65,68,64,65.67,63.4
SEIT0199,Sumit,Singh,SE-IT,199,46,65,4,50,48,52,50.0,51.8
SEIT0200,Ankita,Sinha,SE-IT,200,87,8,1,90,92,89,90.33,88.5
SEIT0201,Amit,Verma,SE-IT,201,59,50,3,61,58,60,59.67,57.9
SEIT0202,Simran,Jain,SE-IT,202,35,90,5,38,40,35,37.67,39.1
SEIT0203,Vinay,Dubey,SE-IT,203,76,12,1,85,80,88,84.33,82.5
SEIT0204,Meena,Yadav,SE-IT,204,60,35,2,65,62,68,65.0,63.2
SEIT0205,Rohan,Rao,SE-IT,205,42,70,4,45,48,42,45.0,47.3
SEIT0206,Nidhi,Chauhan,SE-IT,206,85,7,1,90,95,92,92.33,90.4
SEIT0207,Arjun,Nair,SE-IT,207,55,45,3,58,55,60,57.67,56.1
SEIT0208,Tanya,Patil,SE-IT,208,30,115,5,32,30,35,32.33,30.1
SEIT0209,Pankaj,Verma,SE-IT,209,76,18,1,80,82,78,80.0,78.2
SEIT0210,Shweta,Singhania,SE-IT,210,64,25,2,68,65,70,67.67,65.9
SEIT0211,Aditya,Kulkarni,SE-IT,211,49,60,4,52,55,50,52.33,54.1
SEIT0212,Ritu,Sharma,SE-IT,212,88,10,1,92,90,95,92.33,90.5
SEIT0213,Mohit,Gupta,SE-IT,213,57,40,3,60,58,62,60.0,58.3
SEIT0214,Pooja,Patel,SE-IT,214,36,95,5,35,38,32,35.0,37.6
SEIT0215,Sanjay,Singh,SE-IT,215,74,14,1,82,85,80,82.33,80.1
SEIT0216,Nisha,Sinha,SE-IT,216,61,30,2,65,68,62,65.0,63.7
SEIT0217,Karan,Verma,SE-IT,217,43,75,4,48,45,50,47.67,49.2
SEIT0218,Mahi,Jain,SE-IT,218,83,9,1,88,90,85,87.67,86.1
SEIT0219,Arun,Dubey,SE-IT,219,54,50,3,55,52,58,55.0,57.5
SEIT0220,Rina,Yadav,SE-IT,220,32,100,5,30,35,32,32.33,34.2
SEIT0221,Rahul,Rao,SE-IT,221,77,16,1,85,82,88,85.0,83.4
SEIT0222,Pooja,Chauhan,SE-IT,222,60,25,2,62,65,68,65.0,63.8
SEIT0223,Mohit,Nair,SE-IT,223,47,65,4,50,48,52,50.0,51.9
SEIT0224,Ananya,Patil,SE-IT,224,86,11,1,90,92,89,90.33,88.7
SEIT0225,Vikram,Verma,SE-IT,225,59,45,3,60,58,62,60.0,58.3
SEIT0226,Sonal,Singhania,SE-IT,226,38,95,5,35,38,40,37.67,39.4
SEIT0227,Ayush,Kulkarni,SE-IT,227,75,13,1,82,80,85,82.33,80.1
SEIT0228,Tanuja,Sharma,SE-IT,228,62,20,2,65,60,68,64.33,62.5
SEIT0229,Rajat,Gupta,SE-IT,229,45,70,4,48,45,50,47.67,49.2
SEIT0230,Swati,Patel,SE-IT,230,84,15,1,90,88,92,90.0,88.2
SEIT0231,Vivek,Singh,SE-IT,231,55,40,3,58,55,60,57.67,55.9
SEIT0232,Preeti,Sinha,SE-IT,232,31,105,5,30,33,35,32.67,34.5
SEIT0233,Dhruv,Verma,SE-IT,233,78,10,1,85,82,88,85.0,83.1
SEIT0234,Deepika,Jain,SE-IT,234,61,25,2,65,68,64,65.67,63.4
SEIT0235,Abhinav,Dubey,SE-IT,235,46,65,4,50,48,52,50.0,51.8
SEIT0236,Kavita,Yadav,SE-IT,236,87,8,1,90,92,89,90.33,88.5
SEIT0237,Rakesh,Rao,SE-IT,237,59,50,3,61,58,60,59.67,57.9
SEIT0238,Nidhi,Chauhan,SE-IT,238,35,90,5,38,40,35,37.67,39.1
SEIT0239,Sahil,Nair,SE-IT,239,76,12,1,85,80,88,84.33,82.5
SEIT0240,Manish,Patil,SE-IT,240,60,35,2,65,62,68,65.0,63.2
SEIT0241,Aarti,Verma,SE-IT,241,42,70,4,45,48,42,45.0,47.3
SEIT0242,Saurabh,Singhania,SE-IT,242,85,7,1,90,95,92,92.33,90.4
SEIT0243,Puja,Kulkarni,SE-IT,243,55,45,3,58,55,60,57.67,56.1
SEIT0244,Chirag,Sharma,SE-IT,244,30,115,5,32,30,35,32.33,30.1
SEIT0245,Rajesh,Gupta,SE-IT,245,76,18,1,80,82,78,80.0,78.2
SEIT0246,Deepa,Patel,SE-IT,246,64,25,2,68,65,70,67.67,65.9
SEIT0247,Naman,Singh,SE-IT,247,49,60,4,52,55,50,52.33,54.1
SEIT0248,Ritu,Sinha,SE-IT,248,88,10,1,92,90,95,92.33,90.5
SEIT0249,Akshay,Verma,SE-IT,249,57,40,3,60,58,62,60.0,58.3
SEIT0250,Tanya,Jain,SE-IT,250,36,95,5,35,38,32,35.0,37.6
SEIT0251,Arpit,Dubey,SE-IT,251,74,14,1,82,85,80,82.33,80.1
SEIT0252,Shivani,Yadav,SE-IT,252,61,30,2,65,68,62,65.0,63.7
SEIT0253,Gaurav,Rao,SE-IT,253,43,75,4,48,45,50,47.67,49.2
SEIT0254,Anjali,Chauhan,SE-IT,254,83,9,1,88,90,85,87.67,86.1
SEIT0255,Vishal,Nair,SE-IT,255,54,50,3,55,52,58,55.0,57.5
SEIT0256,Priya,Patil,SE-IT,256,32,100,5,30,35,32,32.33,34.2
SEIT0257,Aman,Verma,SE-IT,257,77,16,1,85,82,88,85.0,83.4
SEIT0258,Komal,Singhania,SE-IT,258,60,25,2,62,65,68,65.0,63.8
SEIT0259,Ashish,Kulkarni,SE-IT,259,47,65,4,50,48,52,50.0,51.9
SEIT0260,Riya,Sharma,SE-IT,260,86,11,1,90,92,89,90.33,88.7
SEIT0261,Udit,Gupta,SE-IT,261,59,45,3,60,58,62,60.0,58.3
SEIT0262,Shreya,Patel,SE-IT,262,38,95,5,35,38,40,37.67,39.4
SEIT0263,Kunal,Singh,SE-IT,263,75,13,1,82,80,85,82.33,80.1
SEIT0264,Rashi,Sinha,SE-IT,264,62,20,2,65,60,68,64.33,62.5
SEIT0265,Rohan,Verma,SE-IT,265,45,70,4,48,45,50,47.67,49.2
SEIT0266,Shilpa,Jain,SE-IT,266,84,15,1,90,88,92,90.0,88.2
SEIT0267,Ajay,Dubey,SE-IT,267,55,40,3,58,55,60,57.67,55.9
SEIT0268,Divya,Yadav,SE-IT,268,31,105,5,30,33,35,32.67,34.5
SEIT0269,Rajesh,Rao,SE-IT,269,78,10,1,85,82,88,85.0,83.1
SEIT0270,Pooja,Chauhan,SE-IT,270,61,25,2,65,68,64,65.67,63.4
SEIT0271,Sumit,Nair,SE-IT,271,46,65,4,50,48,52,50.0,51.8
SEIT0272,Ankita,Patil,SE-IT,272,87,8,1,90,92,89,90.33,88.5
SEIT0273,Amit,Verma,SE-IT,273,59,50,3,61,58,60,59.67,57.9
SEIT0274,Simran,Singhania,SE-IT,274,35,90,5,38,40,35,37.67,39.1
SEIT0275,Vinay,Kulkarni,SE-IT,275,76,12,1,85,80,88,84.33,82.5
SEIT0276,Meena,Sharma,SE-IT,276,60,35,2,65,62,68,65.0,63.2
SEIT0277,Rohan,Gupta,SE-IT,277,42,70,4,45,48,42,45.0,47.3
SEIT0278,Nidhi,Patel,SE-IT,278,85,7,1,90,95,92,92.33,90.4
SEIT0279,Arjun,Singh,SE-IT,279,55,45,3,58,55,60,57.67,56.1
SEIT0280,Tanya,Sinha,SE-IT,280,30,115,5,32,30,35,32.33,30.1
SEIT0281,Pankaj,Verma,SE-IT,281,76,18,1,80,82,78,80.0,78.2
SEIT0282,Shweta,Jain,SE-IT,282,64,25,2,68,65,70,67.67,65.9
SEIT0283,Aditya,Dubey,SE-IT,283,49,60,4,52,55,50,52.33,54.1
SEIT0284,Ritu,Yadav,SE-IT,284,88,10,1,92,90,95,92.33,90.5
SEIT0285,Mohit,Rao,SE-IT,285,57,40,3,60,58,62,60.0,58.3
SEIT0286,Pooja,Chauhan,SE-IT,286,36,95,5,35,38,32,35.0,37.6
SEIT0287,Sanjay,Nair,SE-IT,287,74,14,1,82,85,80,82.33,80.1
SEIT0288,Nisha,Patil,SE-IT,288,61,30,2,65,68,62,65.0,63.7
SEIT0289,Karan,Verma,SE-IT,289,43,75,4,48,45,50,47.67,49.2
SEIT0290,Mahi,Singhania,SE-IT,290,83,9,1,88,90,85,87.67,86.1
SEIT0291,Arun,Kulkarni,SE-IT,291,54,50,3,55,52,58,55.0,57.5
SEIT0292,Rina,Sharma,SE-IT,292,32,100,5,30,35,32,32.33,34.2
SEIT0293,Rahul,Gupta,SE-IT,293,77,16,1,85,82,88,85.0,83.4
SEIT0294,Pooja,Patel,SE-IT,294,60,25,2,62,65,68,65.0,63.8
SEIT0295,Mohit,Singh,SE-IT,295,47,65,4,50,48,52,50.0,51.9
SEIT0296,Ananya,Sinha,SE-IT,296,86,11,1,90,92,89,90.33,88.7
SEIT0297,Vikram,Verma,SE-IT,297,59,45,3,60,58,62,60.0,58.3
SEIT0298,Sonal,Jain,SE-IT,298,38,95,5,35,38,40,37.67,39.4
SEIT0299,Ayush,Dubey,SE-IT,299,75,13,1,82,80,85,82.33,80.1
SEIT0300,Tanuja,Yadav,SE-IT,300,62,20,2,65,60,68,64.33,62.5
TECS0001,Aakash,Choudhary,TE-CS,1,88,10,1,91,93,90,91.33,89.5
TECS0002,Bhavna,Yadav,TE-CS,2,75,15,1,80,78,82,80.0,82.1
TECS0003,Gaurav,Sharma,TE-CS,3,65,25,2,72,68,75,71.67,69.4
TECS0004,Divya,Kumar,TE-CS,4,48,70,4,58,62,55,58.33,60.5
TECS0005,Rajat,Sinha,TE-CS,5,92,8,1,95,98,96,96.33,94.2
TECS0006,Sonia,Mehta,TE-CS,6,81,12,1,85,88,84,85.67,83.1
TECS0007,Aditya,Gupta,TE-CS,7,58,40,3,61,59,62,60.67,58.8
TECS0008,Pooja,Patel,TE-CS,8,34,90,5,35,38,32,35.0,37.6
TECS0009,Rohit,Joshi,TE-CS,9,79,18,1,84,80,86,83.33,81.4
TECS0010,Neha,Reddy,TE-CS,10,68,30,2,70,72,69,70.33,68.9
TECS0011,Ankit,Verma,TE-CS,11,45,65,4,50,45,52,49.0,51.3
TECS0012,Shruti,Singh,TE-CS,12,85,5,1,90,92,89,90.33,88.5
TECS0013,Kunal,Chopra,TE-CS,13,52,50,3,55,58,52,55.0,57.2
TECS0014,Ishika,Sinha,TE-CS,14,39,110,5,40,35,42,39.0,41.5
TECS0015,Vivek,Das,TE-CS,15,76,14,1,82,85,80,82.33,80.1
TECS0016,Tanuja,Malhotra,TE-CS,16,60,20,2,65,60,68,64.33,62.7
TECS0017,Akshay,Sharma,TE-CS,17,90,3,1,95,91,98,94.67,92.8
TECS0018,Meera,Dubey,TE-CS,18,41,75,4,45,40,48,44.33,46.9
TECS0019,Gautam,Yadav,TE-CS,19,63,28,2,68,65,70,67.67,65.4
TECS0020,Nidhi,Thakur,TE-CS,20,83,10,1,89,93,87,89.67,87.8
TECS0021,Abhinav,Rao,TE-CS,21,59,45,3,61,58,60,59.67,57.9
TECS0022,Siya,Chauhan,TE-CS,22,35,100,5,32,30,35,32.33,34.5
TECS0023,Gaurav,Nair,TE-CS,23,78,16,1,85,82,88,85.0,83.4
TECS0024,Riya,Patil,TE-CS,24,61,22,2,62,65,68,65.0,63.8
TECS0025,Kabir,Verma,TE-CS,25,47,68,4,50,48,52,50.0,51.9
TECS0026,Anushka,Singhania,TE-CS,26,89,9,1,92,90,95,92.33,90.4
TECS0027,Sameer,Jain,TE-CS,27,55,55,3,58,52,55,55.0,57.2
TECS0028,Meera,Kulkarni,TE-CS,28,30,120,5,32,30,35,32.33,30.1
TECS0029,Nikhil,Sharma,TE-CS,29,76,17,1,78,82,80,80.0,79.5
TECS0030,Sakshi,Gupta,TE-CS,30,64,30,2,66,69,65,66.67,64.8
TECS0031,Yash,Patel,TE-CS,31,43,85,4,45,42,48,45.0,47.9
TECS0032,Pooja,Singh,TE-CS,32,82,6,1,87,85,89,87.0,85.3
TECS0033,Raj,Kumar,TE-CS,33,59,45,3,61,59,62,60.67,58.5
TECS0034,Isha,Mehra,TE-CS,34,36,90,5,38,32,40,36.67,39.2
TECS0035,Siddharth,Verma,TE-CS,35,74,11,1,80,78,82,80.0,77.6
TECS0036,Aisha,Khan,TE-CS,36,63,20,2,65,60,68,64.33,62.1
TECS0037,Rishi,Aggarwal,TE-CS,37,49,62,4,52,50,55,52.33,50.7
TECS0038,Shruti,Naidu,TE-CS,38,86,13,1,91,94,90,91.67,89.8
TECS0039,Aditya,Chopra,TE-CS,39,57,48,3,55,58,60,57.67,56.1
TECS0040,Kriti,Saxena,TE-CS,40,31,105,5,30,33,35,32.67,34.5
TECS0041,Vishal,Das,TE-CS,41,77,16,1,83,80,85,82.67,80.9
TECS0042,Anjali,Goyal,TE-CS,42,60,25,2,65,62,68,65.0,63.2
TECS0043,Arnav,Malhotra,TE-CS,43,45,70,4,48,45,50,47.67,49.1
TECS0044,Trisha,Joshi,TE-CS,44,84,8,1,88,90,87,88.33,86.5
TECS0045,Varun,Reddy,TE-CS,45,53,30,3,55,52,58,55.0,57.3
TECS0046,Nandini,Kumar,TE-CS,46,37,95,5,35,38,40,37.67,39.4
TECS0047,Rajat,Sharma,TE-CS,47,79,12,1,85,82,88,85.0,83.1
TECS0048,Khushi,Gupta,TE-CS,48,68,22,2,70,72,68,70.0,68.5
TECS0049,Gautam,Patel,TE-CS,49,41,78,4,40,42,45,42.33,44.8
TECS0050,Shreya,Singh,TE-CS,50,90,5,1,95,92,97,94.67,92.7
TECS0051,Ankit,Sinha,TE-CS,51,56,40,3,60,55,58,57.67,55.9
TECS0052,Divya,Verma,TE-CS,52,33,105,5,30,35,32,32.33,34.1
TECS0053,Kunal,Jain,TE-CS,53,75,15,1,80,85,82,82.33,80.6
TECS0054,Priyanka,Dubey,TE-CS,54,62,28,2,65,68,64,65.67,63.4
TECS0055,Dev,Yadav,TE-CS,55,46,65,4,50,48,52,50.0,51.8
TECS0056,Sneha,Thakur,TE-CS,56,87,10,1,90,92,89,90.33,88.5
TECS0057,Abhishek,Rao,TE-CS,57,59,50,3,61,58,60,59.67,57.9
TECS0058,Richa,Chauhan,TE-CS,58,35,90,5,38,40,35,37.67,39.1
TECS0059,Kartik,Nair,TE-CS,59,78,12,1,85,80,88,84.33,82.5
TECS0060,Mehak,Patil,TE-CS,60,60,35,2,65,62,68,65.0,63.2
TECS0061,Aakash,Verma,TE-CS,61,42,70,4,45,48,42,45.0,47.3
TECS0062,Shalini,Singhania,TE-CS,62,85,7,1,90,95,92,92.33,90.4
TECS0063,Harsh,Jain,TE-CS,63,55,45,3,58,55,60,57.67,56.1
TECS0064,Simran,Kulkarni,TE-CS,64,30,115,5,32,30,35,32.33,30.1
TECS0065,Rohan,Sharma,TE-CS,65,76,18,1,80,82,78,80.0,78.2
TECS0066,Ankita,Gupta,TE-CS,66,64,25,2,68,65,70,67.67,65.9
TECS0067,Jayant,Patel,TE-CS,67,49,60,4,52,55,50,52.33,54.1
TECS0068,Sneha,Singh,TE-CS,68,88,10,1,92,90,95,92.33,90.5
TECS0069,Aravind,Sinha,TE-CS,69,57,40,3,60,58,62,60.0,58.3
TECS0070,Priya,Verma,TE-CS,70,36,95,5,35,38,32,35.0,37.6
TECS0071,Sanjay,Jain,TE-CS,71,74,14,1,82,85,80,82.33,80.1
TECS0072,Nisha,Dubey,TE-CS,72,61,30,2,65,68,62,65.0,63.7
TECS0073,Karan,Yadav,TE-CS,73,43,75,4,48,45,50,47.67,49.2
TECS0074,Mahi,Thakur,TE-CS,74,83,9,1,88,90,85,87.67,86.1
TECS0075,Arun,Rao,TE-CS,75,54,50,3,55,52,58,55.0,57.5
TECS0076,Rina,Chauhan,TE-CS,76,32,100,5,30,35,32,32.33,34.2
TECS0077,Rahul,Nair,TE-CS,77,77,16,1,85,82,88,85.0,83.4
TECS0078,Pooja,Patil,TE-CS,78,60,25,2,62,65,68,65.0,63.8
TECS0079,Mohit,Verma,TE-CS,79,47,65,4,50,48,52,50.0,51.9
TECS0080,Ananya,Singhania,TE-CS,80,86,11,1,90,92,89,90.33,88.7
TECS0081,Vikram,Jain,TE-CS,81,59,45,3,60,58,62,60.0,58.3
TECS0082,Sonal,Kulkarni,TE-CS,82,38,95,5,35,38,40,37.67,39.4
TECS0083,Ayush,Sharma,TE-CS,83,75,13,1,82,80,85,82.33,80.1
TECS0084,Tanuja,Gupta,TE-CS,84,62,20,2,65,60,68,64.33,62.5
TECS0085,Rajat,Patel,TE-CS,85,45,70,4,48,45,50,47.67,49.2
TECS0086,Swati,Singh,TE-CS,86,84,15,1,90,88,92,90.0,88.2
TECS0087,Vivek,Sinha,TE-CS,87,55,40,3,58,55,60,57.67,55.9
TECS0088,Preeti,Verma,TE-CS,88,31,105,5,30,33,35,32.67,34.5
TECS0089,Dhruv,Jain,TE-CS,89,78,10,1,85,82,88,85.0,83.1
TECS0090,Deepika,Dubey,TE-CS,90,61,25,2,65,68,64,65.67,63.4
TECS0091,Abhinav,Yadav,TE-CS,91,46,65,4,50,48,52,50.0,51.8
TECS0092,Kavita,Thakur,TE-CS,92,87,8,1,90,92,89,90.33,88.5
TECS0093,Rakesh,Rao,TE-CS,93,59,50,3,61,58,60,59.67,57.9
TECS0094,Nidhi,Chauhan,TE-CS,94,35,90,5,38,40,35,37.67,39.1
TECS0095,Sahil,Nair,TE-CS,95,76,12,1,85,80,88,84.33,82.5
TECS0096,Manish,Patil,TE-CS,96,60,35,2,65,62,68,65.0,63.2
TECS0097,Aarti,Verma,TE-CS,97,42,70,4,45,48,42,45.0,47.3
TECS0098,Saurabh,Singhania,TE-CS,98,85,7,1,90,95,92,92.33,90.4
TECS0099,Puja,Kulkarni,TE-CS,99,55,45,3,58,55,60,57.67,56.1
TECS0100,Chirag,Sharma,TE-CS,100,30,115,5,32,30,35,32.33,30.1
BEIT0001,Anjali,Patel,BE-IT,1,88,10,1,91,93,90,91.33,89.5
BEIT0002,Rahul,Sharma,BE-IT,2,75,15,1,80,78,82,80.0,82.1
BEIT0003,Pooja,Singh,BE-IT,3,65,25,2,72,68,75,71.67,69.4
BEIT0004,Amit,Gupta,BE-IT,4,48,70,4,58,62,55,58.33,60.5
BEIT0005,Ritu,Sinha,BE-IT,5,92,8,1,95,98,96,96.33,94.2
BEIT0006,Sagar,Mehta,BE-IT,6,81,12,1,85,88,84,85.67,83.1
BEIT0007,Aditi,Yadav,BE-IT,7,58,40,3,61,59,62,60.67,58.8
BEIT0008,Kunal,Patel,BE-IT,8,34,90,5,35,38,32,35.0,37.6
BEIT0009,Neha,Joshi,BE-IT,9,79,18,1,84,80,86,83.33,81.4
BEIT0010,Rohan,Reddy,BE-IT,10,68,30,2,70,72,69,70.33,68.9
BEIT0011,Anushka,Verma,BE-IT,11,45,65,4,50,45,52,49.0,51.3
BEIT0012,Shreyas,Singh,BE-IT,12,85,5,1,90,92,89,90.33,88.5
BEIT0013,Mansi,Chopra,BE-IT,13,52,50,3,55,58,52,55.0,57.2
BEIT0014,Abhishek,Sinha,BE-IT,14,39,110,5,40,35,42,39.0,41.5
BEIT0015,Simran,Das,BE-IT,15,76,14,1,82,85,80,82.33,80.1
BEIT0016,Vikas,Malhotra,BE-IT,16,60,20,2,65,60,68,64.33,62.7
BEIT0017,Priya,Sharma,BE-IT,17,90,3,1,95,91,98,94.67,92.8
BEIT0018,Karan,Dubey,BE-IT,18,41,75,4,45,40,48,44.33,46.9
BEIT0019,Shreya,Yadav,BE-IT,19,63,28,2,68,65,70,67.67,65.4
BEIT0020,Nitin,Thakur,BE-IT,20,83,10,1,89,93,87,89.67,87.8
BEIT0021,Sakshi,Rao,BE-IT,21,59,45,3,61,58,60,59.67,57.9
BEIT0022,Ayush,Chauhan,BE-IT,22,35,100,5,32,30,35,32.33,34.5
BEIT0023,Tanvi,Nair,BE-IT,23,78,16,1,85,82,88,85.0,83.4
BEIT0024,Rajat,Patil,BE-IT,24,61,22,2,62,65,68,65.0,63.8
BEIT0025,Pooja,Verma,BE-IT,25,47,68,4,50,48,52,50.0,51.9
BEIT0026,Deepak,Singhania,BE-IT,26,89,9,1,92,90,95,92.33,90.4
BEIT0027,Sneha,Jain,BE-IT,27,55,55,3,58,52,55,55.0,57.2
BEIT0028,Abhinav,Kulkarni,BE-IT,28,30,120,5,32,30,35,32.33,30.1
BEIT0029,Nisha,Sharma,BE-IT,29,76,17,1,78,82,80,80.0,79.5
BEIT0030,Kiran,Gupta,BE-IT,30,64,30,2,66,69,65,66.67,64.8
BEIT0031,Siddharth,Patel,BE-IT,31,43,85,4,45,42,48,45.0,47.9
BEIT0032,Divya,Singh,BE-IT,32,82,6,1,87,85,89,87.0,85.3
BEIT0033,Yash,Kumar,BE-IT,33,59,45,3,61,59,62,60.67,58.5
BEIT0034,Mahi,Mehra,BE-IT,34,36,90,5,38,32,40,36.67,39.2
BEIT0035,Arnav,Verma,BE-IT,35,74,11,1,80,78,82,80.0,77.6
BEIT0036,Riya,Khan,BE-IT,36,63,20,2,65,60,68,64.33,62.1
BEIT0037,Vivek,Aggarwal,BE-IT,37,49,62,4,52,50,55,52.33,50.7
BEIT0038,Meenakshi,Naidu,BE-IT,38,86,13,1,91,94,90,91.67,89.8
BEIT0039,Gaurav,Chopra,BE-IT,39,57,48,3,55,58,60,57.67,56.1
BEIT0040,Kavita,Saxena,BE-IT,40,31,105,5,30,33,35,32.67,34.5
BEIT0041,Rajat,Das,BE-IT,41,77,16,1,83,80,85,82.67,80.9
BEIT0042,Anjali,Goyal,BE-IT,42,60,25,2,65,62,68,65.0,63.2
BEIT0043,Arnav,Malhotra,BE-IT,43,45,70,4,48,45,50,47.67,49.1
BEIT0044,Trisha,Joshi,BE-IT,44,84,8,1,88,90,87,88.33,86.5
BEIT0045,Varun,Reddy,BE-IT,45,53,30,3,55,52,58,55.0,57.3
BEIT0046,Nandini,Kumar,BE-IT,46,37,95,5,35,38,40,37.67,39.4
BEIT0047,Rajat,Sharma,BE-IT,47,79,12,1,85,82,88,85.0,83.1
BEIT0048,Khushi,Gupta,BE-IT,48,68,22,2,70,72,68,70.0,68.5
BEIT0049,Gautam,Patel,BE-IT,49,41,78,4,40,42,45,42.33,44.8
BEIT0050,Shreya,Singh,BE-IT,50,90,5,1,95,92,97,94.67,92.7
BEIT0051,Ankit,Sinha,BE-IT,51,56,40,3,60,55,58,57.67,55.9
BEIT0052,Divya,Verma,BE-IT,52,33,105,5,30,35,32,32.33,34.1
BEIT0053,Kunal,Jain,BE-IT,53,75,15,1,80,85,82,82.33,80.6
BEIT0054,Priyanka,Dubey,BE-IT,54,62,28,2,65,68,64,65.67,63.4
BEIT0055,Dev,Yadav,BE-IT,55,46,65,4,50,48,52,50.0,51.8
BEIT0056,Sneha,Thakur,BE-IT,56,87,10,1,90,92,89,90.33,88.5
BEIT0057,Abhishek,Rao,BE-IT,57,59,50,3,61,58,60,59.67,57.9
BEIT0058,Richa,Chauhan,BE-IT,58,35,90,5,38,40,35,37.67,39.1
BEIT0059,Kartik,Nair,BE-IT,59,78,12,1,85,80,88,84.33,82.5
BEIT0060,Mehak,Patil,BE-IT,60,60,35,2,65,62,68,65.0,63.2
BEIT0061,Aakash,Verma,BE-IT,61,42,70,4,45,48,42,45.0,47.3
BEIT0062,Shalini,Singhania,BE-IT,62,85,7,1,90,95,92,92.33,90.4
BEIT0063,Harsh,Jain,BE-IT,63,55,45,3,58,55,60,57.67,56.1
BEIT0064,Simran,Kulkarni,BE-IT,64,30,115,5,32,30,35,32.33,30.1
BEIT0065,Rohan,Sharma,BE-IT,65,76,18,1,80,82,78,80.0,78.2
BEIT0066,Ankita,Gupta,BE-IT,66,64,25,2,68,65,70,67.67,65.9
BEIT0067,Jayant,Patel,BE-IT,67,49,60,4,52,55,50,52.33,54.1
BEIT0068,Sneha,Singh,BE-IT,68,88,10,1,92,90,95,92.33,90.5
BEIT0069,Aravind,Sinha,BE-IT,69,57,40,3,60,58,62,60.0,58.3
BEIT0070,Priya,Verma,BE-IT,70,36,95,5,35,38,32,35.0,37.6
BEIT0071,Sanjay,Jain,BE-IT,71,74,14,1,82,85,80,82.33,80.1
BEIT0072,Nisha,Dubey,BE-IT,72,61,30,2,65,68,62,65.0,63.7
BEIT0073,Karan,Yadav,BE-IT,73,43,75,4,48,45,50,47.67,49.2
BEIT0074,Mahi,Thakur,BE-IT,74,83,9,1,88,90,85,87.67,86.1
BEIT0075,Arun,Rao,BE-IT,75,54,50,3,55,52,58,55.0,57.5
BEIT0076,Rina,Chauhan,BE-IT,76,32,100,5,30,35,32,32.33,34.2
BEIT0077,Rahul,Nair,BE-IT,77,77,16,1,85,82,88,85.0,83.4
BEIT0078,Pooja,Patil,BE-IT,78,60,25,2,62,65,68,65.0,63.8
BEIT0079,Mohit,Verma,BE-IT,79,47,65,4,50,48,52,50.0,51.9
BEIT0080,Ananya,Singhania,BE-IT,80,86,11,1,90,92,89,90.33,88.7
BEIT0081,Vikram,Jain,BE-IT,81,59,45,3,60,58,62,60.0,58.3
BEIT0082,Sonal,Kulkarni,BE-IT,82,38,95,5,35,38,40,37.67,39.4
BEIT0083,Ayush,Sharma,BE-IT,83,75,13,1,82,80,85,82.33,80.1
BEIT0084,Tanuja,Gupta,BE-IT,84,62,20,2,65,60,68,64.33,62.5
BEIT0085,Rajat,Patel,BE-IT,85,45,70,4,48,45,50,47.67,49.2
BEIT0086,Swati,Singh,BE-IT,86,84,15,1,90,88,92,90.0,88.2
BEIT0087,Vivek,Sinha,BE-IT,87,55,40,3,58,55,60,57.67,55.9
BEIT0088,Preeti,Verma,BE-IT,88,31,105,5,30,33,35,32.67,34.5
BEIT0089,Dhruv,Jain,BE-IT,89,78,10,1,85,82,88,85.0,83.1
BEIT0090,Deepika,Dubey,BE-IT,90,61,25,2,65,68,64,65.67,63.4
BEIT0091,Abhinav,Yadav,BE-IT,91,46,65,4,50,48,52,50.0,51.8
BEIT0092,Kavita,Thakur,BE-IT,92,87,8,1,90,92,89,90.33,88.5
BEIT0093,Rakesh,Rao,BE-IT,93,59,50,3,61,58,60,59.67,57.9
BEIT0094,Nidhi,Chauhan,BE-IT,94,35,90,5,38,40,35,37.67,39.1
BEIT0095,Sahil,Nair,BE-IT,95,76,12,1,85,80,88,84.33,82.5
BEIT0096,Manish,Patil,BE-IT,96,60,35,2,65,62,68,65.0,63.2
BEIT0097,Aarti,Verma,BE-IT,97,42,70,4,45,48,42,45.0,47.3
BEIT0098,Saurabh,Singhania,BE-IT,98,85,7,1,90,95,92,92.33,90.4
BEIT0099,Puja,Kulkarni,BE-IT,99,55,45,3,58,55,60,57.67,56.1
BEIT0100,Chirag,Sharma,BE-IT,100,30,115,5,32,30,35,32.67,30.1
FEAI0001,Aarav,Patel,FE-AI,1,85,5,1,92,88,95,91.67,89.5
FEAI0002,Aditi,Sharma,FE-AI,2,78,12,1,75,82,79,78.67,81.2
FEAI0003,Rahul,Singh,FE-AI,3,62,45,2,65,58,68,63.67,61.8
FEAI0004,Priya,Gupta,FE-AI,4,45,70,4,55,60,52,55.67,58.3
FEAI0005,Rohan,Kumar,FE-AI,5,91,3,1,98,95,99,97.33,96.1
FEAI0006,Ananya,Sharma,FE-AI,6,80,15,1,88,85,90,87.67,85.4
FEAI0007,Dhruv,Mehta,FE-AI,7,55,30,3,52,48,55,51.67,53.9
FEAI0008,Sanya,Verma,FE-AI,8,35,80,5,45,38,42,41.67,45.2
FEAI0009,Arjun,Joshi,FE-AI,9,72,8,1,82,78,85,81.67,83.5
FEAI0010,Kavya,Reddy,FE-AI,10,68,25,2,68,72,69,69.67,67.4
FEAI0011,Siddharth,Chopra,FE-AI,11,48,65,4,48,50,45,47.67,49.1
FEAI0012,Diya,Sinha,FE-AI,12,88,10,1,90,92,89,90.33,88.7
FEAI0013,Krish,Aggarwal,FE-AI,13,60,50,3,60,55,62,59.0,56.8
FEAI0014,Manya,Saxena,FE-AI,14,38,95,5,35,40,38,37.67,41.3
FEAI0015,Vivaan,Das,FE-AI,15,75,18,1,85,80,88,84.33,82.1
FEAI0016,Tanvi,Malhotra,FE-AI,16,52,35,2,58,65,60,61.0,63.4
FEAI0017,Akshat,Sharma,FE-AI,17,90,2,1,95,91,98,94.67,92.5
FEAI0018,Neha,Dubey,FE-AI,18,42,75,4,40,45,42,42.33,46.7
FEAI0019,Aryan,Yadav,FE-AI,19,65,28,2,70,68,72,70.0,68.9
FEAI0020,Ishika,Thakur,FE-AI,20,83,7,1,89,93,87,89.67,87.8
FEAI0021,Abhinav,Rao,FE-AI,21,58,40,3,55,60,58,57.67,55.5
FEAI0022,Siya,Chauhan,FE-AI,22,32,110,5,30,35,32,32.33,35.8
FEAI0023,Gaurav,Nair,FE-AI,23,78,14,1,80,85,82,82.33,84.6
FEAI0024,Riya,Patil,FE-AI,24,61,22,2,62,65,68,65.0,63.1
FEAI0025,Kabir,Verma,FE-AI,25,47,68,4,50,48,52,50.0,51.8
FEAI0026,Anushka,Singhania,FE-AI,26,89,9,1,92,90,95,92.33,90.4
FEAI0027,Sameer,Jain,FE-AI,27,55,55,3,58,52,55,55.0,57.2
FEAI0028,Meera,Kulkarni,FE-AI,28,30,100,5,32,30,35,32.33,30.1
FEAI0029,Nikhil,Sharma,FE-AI,29,76,17,1,78,82,80,80.0,79.5
FEAI0030,Sakshi,Gupta,FE-AI,30,64,30,2,66,69,65,66.67,64.8
FEAI0031,Yash,Patel,FE-AI,31,43,85,4,45,42,48,45.0,47.9
FEAI0032,Pooja,Singh,FE-AI,32,82,6,1,87,85,89,87.0,85.3
FEAI0033,Raj,Kumar,FE-AI,33,59,45,3,61,59,62,60.67,58.5
FEAI0034,Isha,Mehra,FE-AI,34,36,90,5,38,32,40,36.67,39.2
FEAI0035,Siddharth,Verma,FE-AI,35,74,11,1,80,78,82,80.0,77.6
FEAI0036,Aisha,Khan,FE-AI,36,63,20,2,65,60,68,64.33,62.1
FEAI0037,Rishi,Aggarwal,FE-AI,37,49,62,4,52,50,55,52.33,50.7
FEAI0038,Shruti,Naidu,FE-AI,38,86,13,1,91,94,90,91.67,89.8
FEAI0039,Aditya,Chopra,FE-AI,39,57,48,3,55,58,60,57.67,56.1
FEAI0040,Kriti,Saxena,FE-AI,40,31,105,5,30,33,35,32.67,34.5
FEAI0041,Vishal,Das,FE-AI,41,77,16,1,83,80,85,82.67,80.9
FEAI0042,Anjali,Goyal,FE-AI,42,60,25,2,65,62,68,65.0,63.2
FEAI0043,Arnav,Malhotra,FE-AI,43,45,70,4,48,45,50,47.67,49.1
FEAI0044,Trisha,Joshi,FE-AI,44,84,8,1,88,90,87,88.33,86.5
FEAI0045,Varun,Reddy,FE-AI,45,53,30,3,55,52,58,55.0,57.3
FEAI0046,Nandini,Kumar,FE-AI,46,37,95,5,35,38,40,37.67,39.4
FEAI0047,Rajat,Sharma,FE-AI,47,79,12,1,85,82,88,85.0,83.1
FEAI0048,Khushi,Gupta,FE-AI,48,68,22,2,70,72,68,70.0,68.5
FEAI0049,Gautam,Patel,FE-AI,49,41,78,4,40,42,45,42.33,44.8
FEAI0050,Shreya,Singh,FE-AI,50,90,5,1,95,92,97,94.67,92.7
FEAI0051,Ankit,Sinha,FE-AI,51,56,40,3,60,55,58,57.67,55.9
FEAI0052,Divya,Verma,FE-AI,52,33,105,5,30,35,32,32.33,34.1
FEAI0053,Kunal,Jain,FE-AI,53,75,15,1,80,85,82,82.33,80.6
FEAI0054,Priyanka,Dubey,FE-AI,54,62,28,2,65,68,64,65.67,63.4
FEAI0055,Dev,Yadav,FE-AI,55,46,65,4,50,48,52,50.0,51.8
FEAI0056,Sneha,Thakur,FE-AI,56,87,10,1,90,92,89,90.33,88.5
FEAI0057,Abhishek,Rao,FE-AI,57,59,50,3,61,58,60,59.67,57.9
FEAI0058,Richa,Chauhan,FE-AI,58,35,90,5,38,40,35,37.67,39.1
FEAI0059,Kartik,Nair,FE-AI,59,78,12,1,85,80,88,84.33,82.5
FEAI0060,Mehak,Patil,FE-AI,60,60,35,2,65,62,68,65.0,63.2
FEAI0061,Aakash,Verma,FE-AI,61,42,70,4,45,48,42,45.0,47.3
FEAI0062,Shalini,Singhania,FE-AI,62,85,7,1,90,95,92,92.33,90.4
FEAI0063,Harsh,Jain,FE-AI,63,55,45,3,58,55,60,57.67,56.1
FEAI0064,Simran,Kulkarni,FE-AI,64,30,115,5,32,30,35,32.33,30.1
FEAI0065,Rohan,Sharma,FE-AI,65,76,18,1,80,82,78,80.0,78.2
FEAI0066,Ankita,Gupta,FE-AI,66,64,25,2,68,65,70,67.67,65.9
FEAI0067,Jayant,Patel,FE-AI,67,49,60,4,52,55,50,52.33,54.1
FEAI0068,Sneha,Singh,FE-AI,68,88,10,1,92,90,95,92.33,90.5
FEAI0069,Aravind,Sinha,FE-AI,69,57,40,3,60,58,62,60.0,58.3
FEAI0070,Priya,Verma,FE-AI,70,36,95,5,35,38,32,35.0,37.6
FEAI0071,Sanjay,Jain,FE-AI,71,74,14,1,82,85,80,82.33,80.1
FEAI0072,Nisha,Dubey,FE-AI,72,61,30,2,65,68,62,65.0,63.7
FEAI0073,Karan,Yadav,FE-AI,73,43,75,4,48,45,50,47.67,49.2
FEAI0074,Mahi,Thakur,FE-AI,74,83,9,1,88,90,85,87.67,86.1
FEAI0075,Arun,Rao,FE-AI,75,54,50,3,55,52,58,55.0,57.5
FEAI0076,Rina,Chauhan,FE-AI,76,32,100,5,30,35,32,32.33,34.2
FEAI0077,Rahul,Nair,FE-AI,77,77,16,1,85,82,88,85.0,83.4
FEAI0078,Pooja,Patil,FE-AI,78,60,25,2,62,65,68,65.0,63.8
FEAI0079,Mohit,Verma,FE-AI,79,47,65,4,50,48,52,50.0,51.9
FEAI0080,Ananya,Singhania,FE-AI,80,86,11,1,90,92,89,90.33,88.7
FEAI0081,Vikram,Jain,FE-AI,81,59,45,3,60,58,62,60.0,58.3
FEAI0082,Sonal,Kulkarni,FE-AI,82,38,95,5,35,38,40,37.67,39.4
FEAI0083,Ayush,Sharma,FE-AI,83,75,13,1,82,80,85,82.33,80.1
FEAI0084,Tanuja,Gupta,FE-AI,84,62,20,2,65,60,68,64.33,62.5
FEAI0085,Rajat,Patel,FE-AI,85,45,70,4,48,45,50,47.67,49.2
FEAI0086,Swati,Singh,FE-AI,86,84,15,1,90,88,92,90.0,88.2
FEAI0087,Vivek,Sinha,FE-AI,87,55,40,3,58,55,60,57.67,55.9
FEAI0088,Preeti,Verma,FE-AI,88,31,105,5,30,33,35,32.67,34.5
FEAI0089,Dhruv,Jain,FE-AI,89,78,10,1,85,82,88,85.0,83.1
FEAI0090,Deepika,Dubey,FE-AI,90,61,25,2,65,68,64,65.67,63.4
FEAI0091,Abhinav,Yadav,FE-AI,91,46,65,4,50,48,52,50.0,51.8
FEAI0092,Kavita,Thakur,FE-AI,92,87,8,1,90,92,89,90.33,88.5
FEAI0093,Rakesh,Rao,FE-AI,93,59,50,3,61,58,60,59.67,57.9
FEAI0094,Nidhi,Chauhan,FE-AI,94,35,90,5,38,40,35,37.67,39.1
FEAI0095,Sahil,Nair,FE-AI,95,76,12,1,85,80,88,84.33,82.5
FEAI0096,Manish,Patil,FE-AI,96,60,35,2,65,62,68,65.0,63.2
FEAI0097,Aarti,Verma,FE-AI,97,42,70,4,45,48,42,45.0,47.3
FEAI0098,Saurabh,Singhania,FE-AI,98,85,7,1,90,95,92,92.33,90.4
FEAI0099,Puja,Kulkarni,FE-AI,99,55,45,3,58,55,60,57.67,56.1
FEAI0100,Chirag,Sharma,FE-AI,100,30,115,5,32,30,35,32.33,30.1
SEIT0280,Tanya,Sinha,SE-IT,280,30,115,5,32,30,35,32.33,30.1
SEIT0281,Pankaj,Verma,SE-IT,281,76,18,1,80,82,78,80.0,78.2
SEIT0282,Shweta,Jain,SE-IT,282,64,25,2,68,65,70,67.67,65.9
SEIT0283,Aditya,Dubey,SE-IT,283,49,60,4,52,55,50,52.33,54.1
SEIT0284,Ritu,Yadav,SE-IT,284,88,10,1,92,90,95,92.33,90.5
SEIT0285,Mohit,Rao,SE-IT,285,57,40,3,60,58,62,60.0,58.3
SEIT0286,Pooja,Chauhan,SE-IT,286,36,95,5,35,38,32,35.0,37.6
SEIT0287,Sanjay,Nair,SE-IT,287,74,14,1,82,85,80,82.33,80.1
SEIT0288,Nisha,Patil,SE-IT,288,61,30,2,65,68,62,65.0,63.7
SEIT0289,Karan,Verma,SE-IT,289,43,75,4,48,45,50,47.67,49.2
SEIT0290,Mahi,Singhania,SE-IT,290,83,9,1,88,90,85,87.67,86.1
SEIT0291,Arun,Kulkarni,SE-IT,291,54,50,3,55,52,58,55.0,57.5
SEIT0292,Rina,Sharma,SE-IT,292,32,100,5,30,35,32,32.33,34.2
SEIT0293,Rahul,Gupta,SE-IT,293,77,16,1,85,82,88,85.0,83.4
SEIT0294,Pooja,Patel,SE-IT,294,60,25,2,62,65,68,65.0,63.8
SEIT0295,Mohit,Singh,SE-IT,295,47,65,4,50,48,52,50.0,51.9
SEIT0296,Ananya,Sinha,SE-IT,296,86,11,1,90,92,89,90.33,88.7
SEIT0297,Vikram,Verma,SE-IT,297,59,45,3,60,58,62,60.0,58.3
SEIT0298,Sonal,Jain,SE-IT,298,38,95,5,35,38,40,37.67,39.4
SEIT0299,Ayush,Dubey,SE-IT,299,75,13,1,82,80,85,82.33,80.1
SEIT0300,Tanuja,Yadav,SE-IT,300,62,20,2,65,60,68,64.33,62.5
TECS0101,Ankita,Gupta,TE-CS,101,76,18,1,80,82,78,80.0,78.2
TECS0102,Deepa,Patel,TE-CS,102,64,25,2,68,65,70,67.67,65.9
TECS0103,Naman,Singh,TE-CS,103,49,60,4,52,55,50,52.33,54.1
TECS0104,Ritu,Sinha,TE-CS,104,88,10,1,92,90,95,92.33,90.5
TECS0105,Akshay,Verma,TE-CS,105,57,40,3,60,58,62,60.0,58.3
TECS0106,Tanya,Jain,TE-CS,106,36,95,5,35,38,32,35.0,37.6
TECS0107,Arpit,Dubey,TE-CS,107,74,14,1,82,85,80,82.33,80.1
TECS0108,Shivani,Yadav,TE-CS,108,61,30,2,65,68,62,65.0,63.7
TECS0109,Gaurav,Rao,TE-CS,109,43,75,4,48,45,50,47.67,49.2
TECS0110,Anjali,Chauhan,TE-CS,110,83,9,1,88,90,85,87.67,86.1
TECS0111,Vishal,Nair,TE-CS,111,54,50,3,55,52,58,55.0,57.5
TECS0112,Priya,Patil,TE-CS,112,32,100,5,30,35,32,32.33,34.2
TECS0113,Aman,Verma,TE-CS,113,77,16,1,85,82,88,85.0,83.4
TECS0114,Komal,Singhania,TE-CS,114,60,25,2,62,65,68,65.0,63.8
TECS0115,Ashish,Kulkarni,TE-CS,115,47,65,4,50,48,52,50.0,51.9
TECS0116,Riya,Sharma,TE-CS,116,86,11,1,90,92,89,90.33,88.7
TECS0117,Udit,Gupta,TE-CS,117,59,45,3,60,58,62,60.0,58.3
TECS0118,Shreya,Patel,TE-CS,118,38,95,5,35,38,40,37.67,39.4
TECS0119,Kunal,Singh,TE-CS,119,75,13,1,82,80,85,82.33,80.1
TECS0120,Rashi,Sinha,TE-CS,120,62,20,2,65,60,68,64.33,62.5
TECS0121,Rohan,Verma,TE-CS,121,45,70,4,48,45,50,47.67,49.2
TECS0122,Shilpa,Jain,TE-CS,122,84,15,1,90,88,92,90.0,88.2
TECS0123,Ajay,Dubey,TE-CS,123,55,40,3,58,55,60,57.67,55.9
TECS0124,Divya,Yadav,TE-CS,124,31,105,5,30,33,35,32.67,34.5
TECS0125,Rajesh,Rao,TE-CS,125,78,10,1,85,82,88,85.0,83.1
TECS0126,Pooja,Chauhan,TE-CS,126,61,25,2,65,68,64,65.67,63.4
TECS0127,Sumit,Nair,TE-CS,127,46,65,4,50,48,52,50.0,51.8
TECS0128,Ankita,Patil,TE-CS,128,87,8,1,90,92,89,90.33,88.5
TECS0129,Amit,Verma,TE-CS,129,59,50,3,61,58,60,59.67,57.9
TECS0130,Simran,Singhania,TE-CS,130,35,90,5,38,40,35,37.67,39.1
TECS0131,Vinay,Kulkarni,TE-CS,131,76,12,1,85,80,88,84.33,82.5
TECS0132,Meena,Sharma,TE-CS,132,60,35,2,65,62,68,65.0,63.2
TECS0133,Rohan,Gupta,TE-CS,133,42,70,4,45,48,42,45.0,47.3
TECS0134,Nidhi,Patel,TE-CS,134,85,7,1,90,95,92,92.33,90.4
TECS0135,Arjun,Singh,TE-CS,135,55,45,3,58,55,60,57.67,56.1
TECS0136,Tanya,Sinha,TE-CS,136,30,115,5,32,30,35,32.33,30.1
TECS0137,Pankaj,Verma,TE-CS,137,76,18,1,80,82,78,80.0,78.2
TECS0138,Shweta,Jain,TE-CS,138,64,25,2,68,65,70,67.67,65.9
TECS0139,Aditya,Dubey,TE-CS,139,49,60,4,52,55,50,52.33,54.1
TECS0140,Ritu,Yadav,TE-CS,140,88,10,1,92,90,95,92.33,90.5
TECS0141,Mohit,Rao,TE-CS,141,57,40,3,60,58,62,60.0,58.3
TECS0142,Pooja,Chauhan,TE-CS,142,36,95,5,35,38,32,35.0,37.6
TECS0143,Sanjay,Nair,TE-CS,143,74,14,1,82,85,80,82.33,80.1
TECS0144,Nisha,Patil,TE-CS,144,61,30,2,65,68,62,65.0,63.7
TECS0145,Karan,Verma,TE-CS,145,43,75,4,48,45,50,47.67,49.2
TECS0146,Mahi,Singhania,TE-CS,146,83,9,1,88,90,85,87.67,86.1
TECS0147,Arun,Kulkarni,TE-CS,147,54,50,3,55,52,58,55.0,57.5
TECS0148,Rina,Sharma,TE-CS,148,32,100,5,30,35,32,32.33,34.2
TECS0149,Rahul,Gupta,TE-CS,149,77,16,1,85,82,88,85.0,83.4
TECS0150,Pooja,Patel,TE-CS,150,60,25,2,62,65,68,65.0,63.8
TECS0151,Mohit,Singh,TE-CS,151,47,65,4,50,48,52,50.0,51.9
TECS0152,Ananya,Sinha,TE-CS,152,86,11,1,90,92,89,90.33,88.7
TECS0153,Vikram,Verma,TE-CS,153,59,45,3,60,58,62,60.0,58.3
TECS0154,Sonal,Jain,TE-CS,154,38,95,5,35,38,40,37.67,39.4
TECS0155,Ayush,Dubey,TE-CS,155,75,13,1,82,80,85,82.33,80.1
TECS0156,Tanuja,Yadav,TE-CS,156,62,20,2,65,60,68,64.33,62.5
TECS0157,Rajat,Rao,TE-CS,157,45,70,4,48,45,50,47.67,49.2
TECS0158,Swati,Chauhan,TE-CS,158,84,15,1,90,88,92,90.0,88.2
TECS0159,Vivek,Nair,TE-CS,159,55,40,3,58,55,60,57.67,55.9
TECS0160,Preeti,Patil,TE-CS,160,31,105,5,30,33,35,32.67,34.5
TECS0161,Dhruv,Verma,TE-CS,161,78,10,1,85,82,88,85.0,83.1
TECS0162,Deepika,Singhania,TE-CS,162,61,25,2,65,68,64,65.67,63.4
TECS0163,Abhinav,Kulkarni,TE-CS,163,46,65,4,50,48,52,50.0,51.8
TECS0164,Kavita,Sharma,TE-CS,164,87,8,1,90,92,89,90.33,88.5
TECS0165,Rakesh,Gupta,TE-CS,165,59,50,3,61,58,60,59.67,57.9
TECS0166,Nidhi,Patel,TE-CS,166,35,90,5,38,40,35,37.67,39.1
TECS0167,Sahil,Singh,TE-CS,167,76,12,1,85,80,88,84.33,82.5
TECS0168,Manish,Sinha,TE-CS,168,60,35,2,65,62,68,65.0,63.2
TECS0169,Aarti,Verma,TE-CS,169,42,70,4,45,48,42,45.0,47.3
TECS0170,Saurabh,Jain,TE-CS,170,85,7,1,90,95,92,92.33,90.4
TECS0171,Puja,Dubey,TE-CS,171,55,45,3,58,55,60,57.67,56.1
TECS0172,Chirag,Yadav,TE-CS,172,30,115,5,32,30,35,32.33,30.1
TECS0173,Rajesh,Rao,TE-CS,173,76,18,1,80,82,78,80.0,78.2
TECS0174,Deepa,Chauhan,TE-CS,174,64,25,2,68,65,70,67.67,65.9
TECS0175,Naman,Nair,TE-CS,175,49,60,4,52,55,50,52.33,54.1
TECS0176,Ritu,Patil,TE-CS,176,88,10,1,92,90,95,92.33,90.5
TECS0177,Akshay,Verma,TE-CS,177,57,40,3,60,58,62,60.0,58.3
TECS0178,Tanya,Singhania,TE-CS,178,36,95,5,35,38,32,35.0,37.6
TECS0179,Arpit,Kulkarni,TE-CS,179,74,14,1,82,85,80,82.33,80.1
TECS0180,Shivani,Sharma,TE-CS,180,61,30,2,65,68,62,65.0,63.7
BEIT0101,Ankita,Gupta,BE-IT,101,76,18,1,80,82,78,80.0,78.2
BEIT0102,Deepa,Patel,BE-IT,102,64,25,2,68,65,70,67.67,65.9
BEIT0103,Naman,Singh,BE-IT,103,49,60,4,52,55,50,52.33,54.1
BEIT0104,Ritu,Sinha,BE-IT,104,88,10,1,92,90,95,92.33,90.5
BEIT0105,Akshay,Verma,BE-IT,105,57,40,3,60,58,62,60.0,58.3
BEIT0106,Tanya,Jain,BE-IT,106,36,95,5,35,38,32,35.0,37.6
BEIT0107,Arpit,Dubey,BE-IT,107,74,14,1,82,85,80,82.33,80.1
BEIT0108,Shivani,Yadav,BE-IT,108,61,30,2,65,68,62,65.0,63.7
BEIT0109,Gaurav,Rao,BE-IT,109,43,75,4,48,45,50,47.67,49.2
BEIT0110,Anjali,Chauhan,BE-IT,110,83,9,1,88,90,85,87.67,86.1
BEIT0111,Vishal,Nair,BE-IT,111,54,50,3,55,52,58,55.0,57.5
BEIT0112,Priya,Patil,BE-IT,112,32,100,5,30,35,32,32.33,34.2
BEIT0113,Aman,Verma,BE-IT,113,77,16,1,85,82,88,85.0,83.4
BEIT0114,Komal,Singhania,BE-IT,114,60,25,2,62,65,68,65.0,63.8
BEIT0115,Ashish,Kulkarni,BE-IT,115,47,65,4,50,48,52,50.0,51.9
BEIT0116,Riya,Sharma,BE-IT,116,86,11,1,90,92,89,90.33,88.7
BEIT0117,Udit,Gupta,BE-IT,117,59,45,3,60,58,62,60.0,58.3
BEIT0118,Shreya,Patel,BE-IT,118,38,95,5,35,38,40,37.67,39.4
BEIT0119,Kunal,Singh,BE-IT,119,75,13,1,82,80,85,82.33,80.1
BEIT0120,Rashi,Sinha,BE-IT,120,62,20,2,65,60,68,64.33,62.5
BEIT0121,Rohan,Verma,BE-IT,121,45,70,4,48,45,50,47.67,49.2
BEIT0122,Shilpa,Jain,BE-IT,122,84,15,1,90,88,92,90.0,88.2
BEIT0123,Ajay,Dubey,BE-IT,123,55,40,3,58,55,60,57.67,55.9
BEIT0124,Divya,Yadav,BE-IT,124,31,105,5,30,33,35,32.67,34.5
BEIT0125,Rajesh,Rao,BE-IT,125,78,10,1,85,82,88,85.0,83.1
BEIT0126,Pooja,Chauhan,BE-IT,126,61,25,2,65,68,64,65.67,63.4
BEIT0127,Sumit,Nair,BE-IT,127,46,65,4,50,48,52,50.0,51.8
BEIT0128,Ankita,Patil,BE-IT,128,87,8,1,90,92,89,90.33,88.5
BEIT0129,Amit,Verma,BE-IT,129,59,50,3,61,58,60,59.67,57.9
BEIT0130,Simran,Singhania,BE-IT,130,35,90,5,38,40,35,37.67,39.1
BEIT0131,Vinay,Kulkarni,BE-IT,131,76,12,1,85,80,88,84.33,82.5
BEIT0132,Meena,Sharma,BE-IT,132,60,35,2,65,62,68,65.0,63.2
BEIT0133,Rohan,Gupta,BE-IT,133,42,70,4,45,48,42,45.0,47.3
BEIT0134,Nidhi,Patel,BE-IT,134,85,7,1,90,95,92,92.33,90.4
BEIT0135,Arjun,Singh,BE-IT,135,55,45,3,58,55,60,57.67,56.1
BEIT0136,Tanya,Sinha,BE-IT,136,30,115,5,32,30,35,32.33,30.1
BEIT0137,Pankaj,Verma,BE-IT,137,76,18,1,80,82,78,80.0,78.2
BEIT0138,Shweta,Jain,BE-IT,138,64,25,2,68,65,70,67.67,65.9
BEIT0139,Aditya,Dubey,BE-IT,139,49,60,4,52,55,50,52.33,54.1
BEIT0140,Ritu,Yadav,BE-IT,140,88,10,1,92,90,95,92.33,90.5
BEIT0141,Mohit,Rao,BE-IT,141,57,40,3,60,58,62,60.0,58.3
BEIT0142,Pooja,Chauhan,BE-IT,142,36,95,5,35,38,32,35.0,37.6
BEIT0143,Sanjay,Nair,BE-IT,143,74,14,1,82,85,80,82.33,80.1
BEIT0144,Nisha,Patil,BE-IT,144,61,30,2,65,68,62,65.0,63.7
BEIT0145,Karan,Verma,BE-IT,145,43,75,4,48,45,50,47.67,49.2
BEIT0146,Mahi,Singhania,BE-IT,146,83,9,1,88,90,85,87.67,86.1
BEIT0147,Arun,Kulkarni,BE-IT,147,54,50,3,55,52,58,55.0,57.5
BEIT0148,Rina,Sharma,BE-IT,148,32,100,5,30,35,32,32.33,34.2
BEIT0149,Rahul,Gupta,BE-IT,149,77,16,1,85,82,88,85.0,83.4
BEIT0150,Pooja,Patel,BE-IT,150,60,25,2,62,65,68,65.0,63.8
BEIT0151,Mohit,Singh,BE-IT,151,47,65,4,50,48,52,50.0,51.9
BEIT0152,Ananya,Sinha,BE-IT,152,86,11,1,90,92,89,90.33,88.7
BEIT0153,Vikram,Verma,BE-IT,153,59,45,3,60,58,62,60.0,58.3
BEIT0154,Sonal,Jain,BE-IT,154,38,95,5,35,38,40,37.67,39.4
BEIT0155,Ayush,Dubey,BE-IT,155,75,13,1,82,80,85,82.33,80.1
BEIT0156,Tanuja,Yadav,BE-IT,156,62,20,2,65,60,68,64.33,62.5
BEIT0157,Rajat,Rao,BE-IT,157,45,70,4,48,45,50,47.67,49.2
BEIT0158,Swati,Chauhan,BE-IT,158,84,15,1,90,88,92,90.0,88.2
BEIT0159,Vivek,Nair,BE-IT,159,55,40,3,58,55,60,57.67,55.9
BEIT0160,Preeti,Patil,BE-IT,160,31,105,5,30,33,35,32.67,34.5
BEIT0161,Dhruv,Verma,BE-IT,161,78,10,1,85,82,88,85.0,83.1
BEIT0162,Deepika,Singhania,BE-IT,162,61,25,2,65,68,64,65.67,63.4
BEIT0163,Abhinav,Kulkarni,BE-IT,163,46,65,4,50,48,52,50.0,51.8
BEIT0164,Kavita,Sharma,BE-IT,164,87,8,1,90,92,89,90.33,88.5
BEIT0165,Rakesh,Gupta,BE-IT,165,59,50,3,61,58,60,59.67,57.9
BEIT0166,Nidhi,Patel,BE-IT,166,35,90,5,38,40,35,37.67,39.1
BEIT0167,Sahil,Singh,BE-IT,167,76,12,1,85,80,88,84.33,82.5
BEIT0168,Manish,Sinha,BE-IT,168,60,35,2,65,62,68,65.0,63.2
BEIT0169,Aarti,Verma,BE-IT,169,42,70,4,45,48,42,45.0,47.3
BEIT0170,Saurabh,Jain,BE-IT,170,85,7,1,90,95,92,92.33,90.4
BEIT0171,Puja,Dubey,BE-IT,171,55,45,3,58,55,60,57.67,56.1
BEIT0172,Chirag,Yadav,BE-IT,172,30,115,5,32,30,35,32.67,34.5
BEIT0173,Rajesh,Rao,BE-IT,173,76,18,1,80,82,78,80.0,78.2
BEIT0174,Deepa,Chauhan,BE-IT,174,64,25,2,68,65,70,67.67,65.9
BEIT0175,Naman,Nair,BE-IT,175,49,60,4,52,55,50,52.33,54.1
BEIT0176,Ritu,Patil,BE-IT,176,88,10,1,92,90,95,92.33,90.5
BEIT0177,Akshay,Verma,BE-IT,177,57,40,3,60,58,62,60.0,58.3
BEIT0178,Tanya,Singhania,BE-IT,178,36,95,5,35,38,32,35.0,37.6
BEIT0179,Arpit,Kulkarni,BE-IT,179,74,14,1,82,85,80,82.33,80.1
BEIT0180,Shivani,Sharma,BE-IT,180,61,30,2,65,68,62,65.0,63.7
BEIT0181,Gaurav,Gupta,BE-IT,181,43,75,4,48,45,50,47.67,49.2
BEIT0182,Anjali,Patel,BE-IT,182,83,9,1,88,90,85,87.67,86.1
BEIT0183,Vishal,Singh,BE-IT,183,54,50,3,55,52,58,55.0,57.5
BEIT0184,Priya,Sinha,BE-IT,184,32,100,5,30,35,32,32.33,34.2
BEIT0185,Aman,Verma,BE-IT,185,77,16,1,85,82,88,85.0,83.4
BEIT0186,Komal,Jain,BE-IT,186,60,25,2,62,65,68,65.0,63.8
BEIT0187,Ashish,Dubey,BE-IT,187,47,65,4,50,48,52,50.0,51.9
BEIT0188,Riya,Yadav,BE-IT,188,86,11,1,90,92,89,90.33,88.7
BEIT0189,Udit,Rao,BE-IT,189,59,45,3,60,58,62,60.0,58.3
BEIT0190,Shreya,Chauhan,BE-IT,190,38,95,5,35,38,40,37.67,39.4
BEIT0191,Kunal,Nair,BE-IT,191,75,13,1,82,80,85,82.33,80.1
BEIT0192,Rashi,Patil,BE-IT,192,62,20,2,65,60,68,64.33,62.5
BEIT0193,Rohan,Verma,BE-IT,193,45,70,4,48,45,50,47.67,49.2
BEIT0194,Shilpa,Singhania,BE-IT,194,84,15,1,90,88,92,90.0,88.2
BEIT0195,Ajay,Kulkarni,BE-IT,195,55,40,3,58,55,60,57.67,55.9
BEIT0196,Divya,Sharma,BE-IT,196,31,105,5,30,33,35,32.67,34.5
BEIT0197,Rajesh,Gupta,BE-IT,197,78,10,1,85,82,88,85.0,83.1
BEIT0198,Pooja,Patel,BE-IT,198,61,25,2,65,68,64,65.67,63.4
BEIT0199,Sumit,Singh,BE-IT,199,46,65,4,50,48,52,50.0,51.8
BEIT0200,Ankita,Sinha,BE-IT,200,87,8,1,90,92,89,90.33,88.5
FEAI0101,Ankita,Gupta,FE-AI,101,76,18,1,80,82,78,80.0,78.2
FEAI0102,Deepa,Patel,FE-AI,102,64,25,2,68,65,70,67.67,65.9
FEAI0103,Naman,Singh,FE-AI,103,49,60,4,52,55,50,52.33,54.1
FEAI0104,Ritu,Sinha,FE-AI,104,88,10,1,92,90,95,92.33,90.5
FEAI0105,Akshay,Verma,FE-AI,105,57,40,3,60,58,62,60.0,58.3
FEAI0106,Tanya,Jain,FE-AI,106,36,95,5,35,38,32,35.0,37.6
FEAI0107,Arpit,Dubey,FE-AI,107,74,14,1,82,85,80,82.33,80.1
FEAI0108,Shivani,Yadav,FE-AI,108,61,30,2,65,68,62,65.0,63.7
FEAI0109,Gaurav,Rao,FE-AI,109,43,75,4,48,45,50,47.67,49.2
FEAI0110,Anjali,Chauhan,FE-AI,110,83,9,1,88,90,85,87.67,86.1
FEAI0111,Vishal,Nair,FE-AI,111,54,50,3,55,52,58,55.0,57.5
FEAI0112,Priya,Patil,FE-AI,112,32,100,5,30,35,32,32.33,34.2
FEAI0113,Aman,Verma,FE-AI,113,77,16,1,85,82,88,85.0,83.4
FEAI0114,Komal,Singhania,FE-AI,114,60,25,2,62,65,68,65.0,63.8
FEAI0115,Ashish,Kulkarni,FE-AI,115,47,65,4,50,48,52,50.0,51.9
FEAI0116,Riya,Sharma,FE-AI,116,86,11,1,90,92,89,90.33,88.7
FEAI0117,Udit,Gupta,FE-AI,117,59,45,3,60,58,62,60.0,58.3
FEAI0118,Shreya,Patel,FE-AI,118,38,95,5,35,38,40,37.67,39.4
FEAI0119,Kunal,Singh,FE-AI,119,75,13,1,82,80,85,82.33,80.1
FEAI0120,Rashi,Sinha,FE-AI,120,62,20,2,65,60,68,64.33,62.5
FEAI0121,Rohan,Verma,FE-AI,121,45,70,4,48,45,50,47.67,49.2
FEAI0122,Shilpa,Jain,FE-AI,122,84,15,1,90,88,92,90.0,88.2
FEAI0123,Ajay,Dubey,FE-AI,123,55,40,3,58,55,60,57.67,55.9
FEAI0124,Divya,Yadav,FE-AI,124,31,105,5,30,33,35,32.67,34.5
FEAI0125,Rajesh,Rao,FE-AI,125,78,10,1,85,82,88,85.0,83.1
FEAI0126,Pooja,Chauhan,FE-AI,126,61,25,2,65,68,64,65.67,63.4
FEAI0127,Sumit,Nair,FE-AI,127,46,65,4,50,48,52,50.0,51.8
FEAI0128,Ankita,Patil,FE-AI,128,87,8,1,90,92,89,90.33,88.5
FEAI0129,Amit,Verma,FE-AI,129,59,50,3,61,58,60,59.67,57.9
FEAI0130,Simran,Singhania,FE-AI,130,35,90,5,38,40,35,37.67,39.1
FEAI0131,Vinay,Kulkarni,FE-AI,131,76,12,1,85,80,88,84.33,82.5
FEAI0132,Meena,Sharma,FE-AI,132,60,35,2,65,62,68,65.0,63.2
FEAI0133,Rohan,Gupta,FE-AI,133,42,70,4,45,48,42,45.0,47.3
FEAI0134,Nidhi,Patel,FE-AI,134,85,7,1,90,95,92,92.33,90.4
FEAI0135,Arjun,Singh,FE-AI,135,55,45,3,58,55,60,57.67,56.1
FEAI0136,Tanya,Sinha,FE-AI,136,30,115,5,32,30,35,32.33,30.1
FEAI0137,Pankaj,Verma,FE-AI,137,76,18,1,80,82,78,80.0,78.2
FEAI0138,Shweta,Jain,FE-AI,138,64,25,2,68,65,70,67.67,65.9
FEAI0139,Aditya,Dubey,FE-AI,139,49,60,4,52,55,50,52.33,54.1
FEAI0140,Ritu,Yadav,FE-AI,140,88,10,1,92,90,95,92.33,90.5
FEAI0141,Mohit,Rao,FE-AI,141,57,40,3,60,58,62,60.0,58.3
FEAI0142,Pooja,Chauhan,FE-AI,142,36,95,5,35,38,32,35.0,37.6
FEAI0143,Sanjay,Nair,FE-AI,143,74,14,1,82,85,80,82.33,80.1
FEAI0144,Nisha,Patil,FE-AI,144,61,30,2,65,68,62,65.0,63.7
FEAI0145,Karan,Verma,FE-AI,145,43,75,4,48,45,50,47.67,49.2
FEAI0146,Mahi,Singhania,FE-AI,146,83,9,1,88,90,85,87.67,86.1
FEAI0147,Arun,Kulkarni,FE-AI,147,54,50,3,55,52,58,55.0,57.5
FEAI0148,Rina,Sharma,FE-AI,148,32,100,5,30,35,32,32.33,34.2
FEAI0149,Rahul,Gupta,FE-AI,149,77,16,1,85,82,88,85.0,83.4
FEAI0150,Pooja,Patel,FE-AI,150,60,25,2,62,65,68,65.0,63.8
FEAI0151,Mohit,Singh,FE-AI,151,47,65,4,50,48,52,50.0,51.9
FEAI0152,Ananya,Sinha,FE-AI,152,86,11,1,90,92,89,90.33,88.7
FEAI0153,Vikram,Verma,FE-AI,153,59,45,3,60,58,62,60.0,58.3
FEAI0154,Sonal,Jain,FE-AI,154,38,95,5,35,38,40,37.67,39.4
FEAI0155,Ayush,Dubey,FE-AI,155,75,13,1,82,80,85,82.33,80.1
FEAI0156,Tanuja,Yadav,FE-AI,156,62,20,2,65,60,68,64.33,62.5
FEAI0157,Rajat,Rao,FE-AI,157,45,70,4,48,45,50,47.67,49.2
FEAI0158,Swati,Chauhan,FE-AI,158,84,15,1,90,88,92,90.0,88.2
FEAI0159,Vivek,Nair,FE-AI,159,55,40,3,58,55,60,57.67,55.9
FEAI0160,Preeti,Patil,FE-AI,160,31,105,5,30,33,35,32.67,34.5
FEAI0161,Dhruv,Verma,FE-AI,161,78,10,1,85,82,88,85.0,83.1
FEAI0162,Deepika,Singhania,FE-AI,162,61,25,2,65,68,64,65.67,63.4
FEAI0163,Abhinav,Kulkarni,FE-AI,163,46,65,4,50,48,52,50.0,51.8
FEAI0164,Kavita,Sharma,FE-AI,164,87,8,1,90,92,89,90.33,88.5
FEAI0165,Rakesh,Gupta,FE-AI,165,59,50,3,61,58,60,59.67,57.9
FEAI0166,Nidhi,Patel,FE-AI,166,35,90,5,38,40,35,37.67,39.1
FEAI0167,Sahil,Singh,FE-AI,167,76,12,1,85,80,88,84.33,82.5
FEAI0168,Manish,Sinha,FE-AI,168,60,35,2,65,62,68,65.0,63.2
FEAI0169,Aarti,Verma,FE-AI,169,42,70,4,45,48,42,45.0,47.3
FEAI0170,Saurabh,Jain,FE-AI,170,85,7,1,90,95,92,92.33,90.4
FEAI0171,Puja,Dubey,FE-AI,171,55,45,3,58,55,60,57.67,56.1
FEAI0172,Chirag,Yadav,FE-AI,172,30,115,5,32,30,35,32.33,30.1
FEAI0173,Rajesh,Rao,FE-AI,173,76,18,1,80,82,78,80.0,78.2
FEAI0174,Deepa,Chauhan,FE-AI,174,64,25,2,68,65,70,67.67,65.9
FEAI0175,Naman,Nair,FE-AI,175,49,60,4,52,55,50,52.33,54.1
FEAI0176,Ritu,Patil,FE-AI,176,88,10,1,92,90,95,92.33,90.5
FEAI0177,Akshay,Verma,FE-AI,177,57,40,3,60,58,62,60.0,58.3
FEAI0178,Tanya,Singhania,FE-AI,178,36,95,5,35,38,32,35.0,37.6
FEAI0179,Arpit,Kulkarni,FE-AI,179,74,14,1,82,85,80,82.33,80.1
FEAI0180,Shivani,Sharma,FE-AI,180,61,30,2,65,68,62,65.0,63.7
FEAI0181,Gaurav,Gupta,FE-AI,181,43,75,4,48,45,50,47.67,49.2
FEAI0182,Anjali,Patel,FE-AI,182,83,9,1,88,90,85,87.67,86.1
FEAI0183,Vishal,Singh,FE-AI,183,54,50,3,55,52,58,55.0,57.5
FEAI0184,Priya,Sinha,FE-AI,184,32,100,5,30,35,32,32.33,34.2
FEAI0185,Aman,Verma,FE-AI,185,77,16,1,85,82,88,85.0,83.4
FEAI0186,Komal,Jain,FE-AI,186,60,25,2,62,65,68,65.0,63.8
FEAI0187,Ashish,Dubey,FE-AI,187,47,65,4,50,48,52,50.0,51.9
FEAI0188,Riya,Yadav,FE-AI,188,86,11,1,90,92,89,90.33,88.7
FEAI0189,Udit,Rao,FE-AI,189,59,45,3,60,58,62,60.0,58.3
FEAI0190,Shreya,Chauhan,FE-AI,190,38,95,5,35,38,40,37.67,39.4
FEAI0191,Kunal,Nair,FE-AI,191,75,13,1,82,80,85,82.33,80.1
FEAI0192,Rashi,Patil,FE-AI,192,62,20,2,65,60,68,64.33,62.5
FEAI0193,Rohan,Verma,FE-AI,193,45,70,4,48,45,50,47.67,49.2
FEAI0194,Shilpa,Singhania,FE-AI,194,84,15,1,90,88,92,90.0,88.2
FEAI0195,Ajay,Kulkarni,FE-AI,195,55,40,3,58,55,60,57.67,55.9
FEAI0196,Divya,Sharma,FE-AI,196,31,105,5,30,33,35,32.67,34.5
FEAI0197,Rajesh,Gupta,FE-AI,197,78,10,1,85,82,88,85.0,83.1
FEAI0198,Pooja,Patel,FE-AI,198,61,25,2,65,68,64,65.67,63.4
FEAI0199,Sumit,Singh,FE-AI,199,46,65,4,50,48,52,50.0,51.8
FEAI0200,Ankita,Sinha,FE-AI,200,87,8,1,90,92,89,90.33,88.5
FEAI0201,Amit,Verma,FE-AI,201,59,50,3,61,58,60,59.67,57.9
FEAI0202,Simran,Jain,FE-AI,202,35,90,5,38,40,35,37.67,39.1
FEAI0203,Vinay,Dubey,FE-AI,203,76,12,1,85,80,88,84.33,82.5
FEAI0204,Meena,Yadav,FE-AI,204,60,35,2,65,62,68,65.0,63.2
FEAI0205,Rohan,Rao,FE-AI,205,42,70,4,45,48,42,45.0,47.3
FEAI0206,Nidhi,Chauhan,FE-AI,206,85,7,1,90,95,92,92.33,90.4
FEAI0207,Arjun,Nair,FE-AI,207,55,45,3,58,55,60,57.67,56.1
FEAI0208,Tanya,Patil,FE-AI,208,30,115,5,32,30,35,32.33,30.1
FEAI0209,Pankaj,Verma,FE-AI,209,76,18,1,80,82,78,80.0,78.2
FEAI0210,Shweta,Singhania,FE-AI,210,64,25,2,68,65,70,67.67,65.9
FEAI0211,Aditya,Kulkarni,FE-AI,211,49,60,4,52,55,50,52.33,54.1
FEAI0212,Ritu,Sharma,FE-AI,212,88,10,1,92,90,95,92.33,90.5
FEAI0213,Mohit,Gupta,FE-AI,213,57,40,3,60,58,62,60.0,58.3
FEAI0214,Pooja,Patel,FE-AI,214,36,95,5,35,38,32,35.0,37.6
FEAI0215,Sanjay,Singh,FE-AI,215,74,14,1,82,85,80,82.33,80.1
FEAI0216,Nisha,Sinha,FE-AI,216,61,30,2,65,68,62,65.0,63.7
FEAI0217,Karan,Verma,FE-AI,217,43,75,4,48,45,50,47.67,49.2
FEAI0218,Mahi,Jain,FE-AI,218,83,9,1,88,90,85,87.67,86.1
FEAI0219,Arun,Dubey,FE-AI,219,54,50,3,55,52,58,55.0,57.5
FEAI0220,Rina,Yadav,FE-AI,220,32,100,5,30,35,32,32.33,34.2
FEAI0221,Rahul,Rao,FE-AI,221,77,16,1,85,82,88,85.0,83.4
FEAI0222,Pooja,Chauhan,FE-AI,222,60,25,2,62,65,68,65.0,63.8
FEAI0223,Mohit,Nair,FE-AI,223,47,65,4,50,48,52,50.0,51.9
FEAI0224,Ananya,Patil,FE-AI,224,86,11,1,90,92,89,90.33,88.7
FEAI0225,Vikram,Verma,FE-AI,225,59,45,3,60,58,62,60.0,58.3
FEAI0226,Sonal,Singhania,FE-AI,226,38,95,5,35,38,40,37.67,39.4
FEAI0227,Ayush,Kulkarni,FE-AI,227,75,13,1,82,80,85,82.33,80.1
FEAI0228,Tanuja,Sharma,FE-AI,228,62,20,2,65,60,68,64.33,62.5
FEAI0229,Rajat,Gupta,FE-AI,229,45,70,4,48,45,50,47.67,49.2
FEAI0230,Swati,Patel,FE-AI,230,84,15,1,90,88,92,90.0,88.2
FEAI0231,Vivek,Singh,FE-AI,231,55,40,3,58,55,60,57.67,55.9
FEAI0232,Preeti,Sinha,FE-AI,232,31,105,5,30,33,35,32.67,34.5
FEAI0233,Dhruv,Verma,FE-AI,233,78,10,1,85,82,88,85.0,83.1
FEAI0234,Deepika,Jain,FE-AI,234,61,25,2,65,68,64,65.67,63.4
FEAI0235,Abhinav,Dubey,FE-AI,235,46,65,4,50,48,52,50.0,51.8
FEAI0236,Kavita,Yadav,FE-AI,236,87,8,1,90,92,89,90.33,88.5
FEAI0237,Rakesh,Rao,FE-AI,237,59,50,3,61,58,60,59.67,57.9
FEAI0238,Nidhi,Chauhan,FE-AI,238,35,90,5,38,40,35,37.67,39.1
FEAI0239,Sahil,Nair,FE-AI,239,76,12,1,85,80,88,84.33,82.5
FEAI0240,Manish,Patil,FE-AI,240,60,35,2,65,62,68,65.0,63.2
FEAI0241,Aarti,Verma,FE-AI,241,42,70,4,45,48,42,45.0,47.3
FEAI0242,Saurabh,Singhania,FE-AI,242,85,7,1,90,95,92,92.33,90.4
FEAI0243,Puja,Kulkarni,FE-AI,243,55,45,3,58,55,60,57.67,56.1
FEAI0244,Chirag,Sharma,FE-AI,244,30,115,5,32,30,35,32.33,30.1
FEAI0245,Rajesh,Gupta,FE-AI,245,76,18,1,80,82,78,80.0,78.2
FEAI0246,Deepa,Patel,FE-AI,246,64,25,2,68,65,70,67.67,65.9
FEAI0247,Naman,Singh,FE-AI,247,49,60,4,52,55,50,52.33,54.1
FEAI0248,Ritu,Sinha,FE-AI,248,88,10,1,92,90,95,92.33,90.5
FEAI0249,Akshay,Verma,FE-AI,249,57,40,3,60,58,62,60.0,58.3
FEAI0250,Tanya,Jain,FE-AI,250,36,95,5,35,38,32,35.0,37.6
FEAI0251,Arpit,Dubey,FE-AI,251,74,14,1,82,85,80,82.33,80.1
FEAI0252,Shivani,Yadav,FE-AI,252,61,30,2,65,68,62,65.0,63.7
FEAI0253,Gaurav,Rao,FE-AI,253,43,75,4,48,45,50,47.67,49.2
FEAI0254,Anjali,Chauhan,FE-AI,254,83,9,1,88,90,85,87.67,86.1
FEAI0255,Vishal,Nair,FE-AI,255,54,50,3,55,52,58,55.0,57.5
FEAI0256,Priya,Patil,FE-AI,256,32,100,5,30,35,32,32.33,34.2
FEAI0257,Aman,Verma,FE-AI,257,77,16,1,85,82,88,85.0,83.4
FEAI0258,Komal,Singhania,FE-AI,258,60,25,2,62,65,68,65.0,63.8
FEAI0259,Ashish,Kulkarni,FE-AI,259,47,65,4,50,48,52,50.0,51.9
FEAI0260,Riya,Sharma,FE-AI,260,86,11,1,90,92,89,90.33,88.7
FEAI0261,Udit,Gupta,FE-AI,261,59,45,3,60,58,62,60.0,58.3
FEAI0262,Shreya,Patel,FE-AI,262,38,95,5,35,38,40,37.67,39.4
FEAI0263,Kunal,Singh,FE-AI,263,75,13,1,82,80,85,82.33,80.1
FEAI0264,Rashi,Sinha,FE-AI,264,62,20,2,65,60,68,64.33,62.5
FEAI0265,Rohan,Verma,FE-AI,265,45,70,4,48,45,50,47.67,49.2
FEAI0266,Shilpa,Jain,FE-AI,266,84,15,1,90,88,92,90.0,88.2
FEAI0267,Ajay,Dubey,FE-AI,267,55,40,3,58,55,60,57.67,55.9
FEAI0268,Divya,Yadav,FE-AI,268,31,105,5,30,33,35,32.67,34.5
FEAI0269,Rajesh,Rao,FE-AI,269,78,10,1,85,82,88,85.0,83.1
FEAI0270,Pooja,Chauhan,FE-AI,270,61,25,2,65,68,64,65.67,63.4
FEAI0271,Sumit,Nair,FE-AI,271,46,65,4,50,48,52,50.0,51.8
FEAI0272,Ankita,Patil,FE-AI,272,87,8,1,90,92,89,90.33,88.5
FEAI0273,Amit,Verma,FE-AI,273,59,50,3,61,58,60,59.67,57.9
FEAI0274,Simran,Singhania,FE-AI,274,35,90,5,38,40,35,37.67,39.1
FEAI0275,Vinay,Kulkarni,FE-AI,275,76,12,1,85,80,88,84.33,82.5
FEAI0276,Meena,Sharma,FE-AI,276,60,35,2,65,62,68,65.0,63.2
FEAI0277,Rohan,Gupta,FE-AI,277,42,70,4,45,48,42,45.0,47.3
FEAI0278,Nidhi,Patel,FE-AI,278,85,7,1,90,95,92,92.33,90.4
FEAI0279,Arjun,Singh,FE-AI,279,55,45,3,58,55,60,57.67,56.1
FEAI0280,Tanya,Sinha,FE-AI,280,30,115,5,32,30,35,32.33,30.1
FEAI0281,Pankaj,Verma,FE-AI,281,76,18,1,80,82,78,80.0,78.2
FEAI0282,Shweta,Jain,FE-AI,282,64,25,2,68,65,70,67.67,65.9
FEAI0283,Aditya,Dubey,FE-AI,283,49,60,4,52,55,50,52.33,54.1
FEAI0284,Ritu,Yadav,FE-AI,284,88,10,1,92,90,95,92.33,90.5
FEAI0285,Mohit,Rao,FE-AI,285,57,40,3,60,58,62,60.0,58.3
FEAI0286,Pooja,Chauhan,FE-AI,286,36,95,5,35,38,32,35.0,37.6
FEAI0287,Sanjay,Nair,FE-AI,287,74,14,1,82,85,80,82.33,80.1
FEAI0288,Nisha,Patil,FE-AI,288,61,30,2,65,68,62,65.0,63.7
FEAI0289,Karan,Verma,FE-AI,289,43,75,4,48,45,50,47.67,49.2
FEAI0290,Mahi,Singhania,FE-AI,290,83,9,1,88,90,85,87.67,86.1
FEAI0291,Arun,Kulkarni,FE-AI,291,54,50,3,55,52,58,55.0,57.5
FEAI0292,Rina,Sharma,FE-AI,292,32,100,5,30,35,32,32.33,34.2
FEAI0293,Rahul,Gupta,FE-AI,293,77,16,1,85,82,88,85.0,83.4
FEAI0294,Pooja,Patel,FE-AI,294,60,25,2,62,65,68,65.0,63.8
FEAI0295,Mohit,Singh,FE-AI,295,47,65,4,50,48,52,50.0,51.9
FEAI0296,Ananya,Sinha,FE-AI,296,86,11,1,90,92,89,90.33,88.7
FEAI0297,Vikram,Verma,FE-AI,297,59,45,3,60,58,62,60.0,58.3
FEAI0298,Sonal,Jain,FE-AI,298,38,95,5,35,38,40,37.67,39.4
FEAI0299,Ayush,Dubey,FE-AI,299,75,13,1,82,80,85,82.33,80.1
FEAI0300,Tanuja,Yadav,FE-AI,300,62,20,2,65,60,68,64.33,62.5